iso3,country,indicator_id,value,value_low,value_high,year,confidence_tier,source,note
AFG,Afghanistan,adol_fert,62.0,62.0,62.0,2023,A,UN Population Division / World Bank SP.ADO.TFRT,
AFG,Afghanistan,child_labour,25.0,22.5,27.5,2023,B,ILO/UNICEF,
AFG,Afghanistan,child_marriage,28.0,28.0,28.0,2023,A,UNICEF; DHS/MICS,
AFG,Afghanistan,electricity,98.0,98.0,98.0,2023,A,World Bank / IEA,
AFG,Afghanistan,hlo,341.29,320.81,361.77,2023,C,"Altinok, Angrist & Patrinos (2018) / World Bank HLO","Imputed by OLS on log(u5mr), youth_lit, lsec_comp, internet; R2=0.87"
AFG,Afghanistan,homicide,7.0,7.0,7.0,2023,A,UNODC,
AFG,Afghanistan,internet,18.0,18.0,18.0,2023,A,ITU / World Bank,
AFG,Afghanistan,ladder,1.72,1.38,2.06,2023,C,Gallup World Poll via World Happiness Report,
AFG,Afghanistan,lsec_comp,40.0,40.0,40.0,2023,A,UNESCO UIS,
AFG,Afghanistan,mobile_bb,25.0,22.5,27.5,2023,B,ITU,
AFG,Afghanistan,neet,42.0,39.9,44.1,2023,B,ILOSTAT / national LFS (PLFS for India),
AFG,Afghanistan,neet_gap,60.0,57.0,63.0,2023,B,Derived from ILOSTAT / national LFS,
AFG,Afghanistan,stunting,38.0,35.72,40.28,2023,A,UNICEF/WHO/World Bank JME (NFHS-5 for India),
AFG,Afghanistan,suicide,4.1,4.1,4.1,2023,A,WHO Global Health Estimates; NCRB for India,
AFG,Afghanistan,u5mr,55.0,55.0,55.0,2023,A,UN IGME,
AFG,Afghanistan,water,30.0,30.0,30.0,2023,A,WHO/UNICEF JMP,
AFG,Afghanistan,y_unemp,15.0,14.25,15.75,2023,B,ILOSTAT,
AFG,Afghanistan,youth_lit,65.0,65.0,65.0,2023,A,UNESCO UIS,
DZA,Algeria,adol_fert,10.0,10.0,10.0,2023,A,UN Population Division / World Bank SP.ADO.TFRT,
DZA,Algeria,child_labour,3.0,2.7,3.3,2023,B,ILO/UNICEF,
DZA,Algeria,child_marriage,4.0,4.0,4.0,2023,A,UNICEF; DHS/MICS,
DZA,Algeria,electricity,100.0,100.0,100.0,2023,A,World Bank / IEA,
DZA,Algeria,hlo,375.14,363.89,386.39,2023,B,"Altinok, Angrist & Patrinos (2018) / World Bank HLO",
DZA,Algeria,homicide,1.5,1.5,1.5,2023,A,UNODC,
DZA,Algeria,internet,71.0,71.0,71.0,2023,A,ITU / World Bank,
DZA,Algeria,ladder,5.36,4.29,6.43,2023,C,Gallup World Poll via World Happiness Report,
DZA,Algeria,lsec_comp,70.0,70.0,70.0,2023,A,UNESCO UIS,
DZA,Algeria,mobile_bb,80.0,72.0,88.0,2023,B,ITU,
DZA,Algeria,neet,25.0,23.75,26.25,2023,B,ILOSTAT / national LFS (PLFS for India),
DZA,Algeria,neet_gap,25.0,23.75,26.25,2023,B,Derived from ILOSTAT / national LFS,
DZA,Algeria,stunting,10.0,9.4,10.6,2023,A,UNICEF/WHO/World Bank JME (NFHS-5 for India),
DZA,Algeria,suicide,2.5,2.5,2.5,2023,A,WHO Global Health Estimates; NCRB for India,
DZA,Algeria,u5mr,21.0,21.0,21.0,2023,A,UN IGME,
DZA,Algeria,water,94.0,94.0,94.0,2023,A,WHO/UNICEF JMP,
DZA,Algeria,y_unemp,30.0,28.5,31.5,2023,B,ILOSTAT,
DZA,Algeria,youth_lit,97.0,97.0,97.0,2023,A,UNESCO UIS,
AGO,Angola,adol_fert,140.0,140.0,140.0,2023,A,UN Population Division / World Bank SP.ADO.TFRT,
AGO,Angola,child_labour,23.0,20.7,25.3,2023,B,ILO/UNICEF,
AGO,Angola,child_marriage,30.0,30.0,30.0,2023,A,UNICEF; DHS/MICS,
AGO,Angola,electricity,48.0,48.0,48.0,2023,A,World Bank / IEA,
AGO,Angola,hlo,306.57,288.17,324.96,2023,C,"Altinok, Angrist & Patrinos (2018) / World Bank HLO","Imputed by OLS on log(u5mr), youth_lit, lsec_comp, internet; R2=0.87"
AGO,Angola,homicide,5.0,5.0,5.0,2023,A,UNODC,
AGO,Angola,internet,37.0,37.0,37.0,2023,A,ITU / World Bank,
AGO,Angola,ladder,4.2,3.36,5.04,2023,C,Gallup World Poll via World Happiness Report,
AGO,Angola,lsec_comp,40.0,40.0,40.0,2023,A,UNESCO UIS,
AGO,Angola,mobile_bb,45.0,40.5,49.5,2023,B,ITU,
AGO,Angola,neet,30.0,28.5,31.5,2023,B,ILOSTAT / national LFS (PLFS for India),
AGO,Angola,neet_gap,15.0,14.25,15.75,2023,B,Derived from ILOSTAT / national LFS,
AGO,Angola,stunting,38.0,35.72,40.28,2023,A,UNICEF/WHO/World Bank JME (NFHS-5 for India),
AGO,Angola,suicide,8.0,8.0,8.0,2023,A,WHO Global Health Estimates; NCRB for India,
AGO,Angola,u5mr,66.0,66.0,66.0,2023,A,UN IGME,
AGO,Angola,water,57.0,57.0,57.0,2023,A,WHO/UNICEF JMP,
AGO,Angola,y_unemp,10.0,9.5,10.5,2023,B,ILOSTAT,
AGO,Angola,youth_lit,80.0,80.0,80.0,2023,A,UNESCO UIS,
ARG,Argentina,adol_fert,32.0,32.0,32.0,2023,A,UN Population Division / World Bank SP.ADO.TFRT,
ARG,Argentina,child_labour,3.0,2.7,3.3,2023,B,ILO/UNICEF,
ARG,Argentina,child_marriage,15.0,15.0,15.0,2023,A,UNICEF; DHS/MICS,
ARG,Argentina,electricity,100.0,100.0,100.0,2023,A,World Bank / IEA,
ARG,Argentina,hlo,429.38,416.5,442.26,2023,B,"Altinok, Angrist & Patrinos (2018) / World Bank HLO",
ARG,Argentina,homicide,5.3,5.3,5.3,2023,A,UNODC,
ARG,Argentina,internet,90.0,90.0,90.0,2023,A,ITU / World Bank,
ARG,Argentina,ladder,6.19,4.95,7.43,2023,C,Gallup World Poll via World Happiness Report,
ARG,Argentina,lsec_comp,74.0,74.0,74.0,2023,A,UNESCO UIS,
ARG,Argentina,mobile_bb,90.0,81.0,99.0,2023,B,ITU,
ARG,Argentina,neet,20.0,19.0,21.0,2023,B,ILOSTAT / national LFS (PLFS for India),
ARG,Argentina,neet_gap,8.0,7.6,8.4,2023,B,Derived from ILOSTAT / national LFS,
ARG,Argentina,stunting,7.5,7.05,7.95,2023,A,UNICEF/WHO/World Bank JME (NFHS-5 for India),
ARG,Argentina,suicide,8.1,8.1,8.1,2023,A,WHO Global Health Estimates; NCRB for India,
ARG,Argentina,u5mr,8.5,8.5,8.5,2023,A,UN IGME,
ARG,Argentina,water,99.0,99.0,99.0,2023,A,WHO/UNICEF JMP,
ARG,Argentina,y_unemp,20.0,19.0,21.0,2023,B,ILOSTAT,
ARG,Argentina,youth_lit,99.0,99.0,99.0,2023,A,UNESCO UIS,
ARM,Armenia,adol_fert,20.0,20.0,20.0,2023,A,UN Population Division / World Bank SP.ADO.TFRT,
ARM,Armenia,child_labour,4.0,3.6,4.4,2023,B,ILO/UNICEF,
ARM,Armenia,child_marriage,5.0,5.0,5.0,2023,A,UNICEF; DHS/MICS,
ARM,Armenia,electricity,100.0,100.0,100.0,2023,A,World Bank / IEA,
ARM,Armenia,hlo,469.07,455.0,483.14,2023,B,"Altinok, Angrist & Patrinos (2018) / World Bank HLO",
ARM,Armenia,homicide,1.5,1.5,1.5,2023,A,UNODC,
ARM,Armenia,internet,80.0,80.0,80.0,2023,A,ITU / World Bank,
ARM,Armenia,ladder,5.34,4.27,6.41,2023,C,Gallup World Poll via World Happiness Report,
ARM,Armenia,lsec_comp,96.0,96.0,96.0,2023,A,UNESCO UIS,
ARM,Armenia,mobile_bb,80.0,72.0,88.0,2023,B,ITU,
ARM,Armenia,neet,26.0,24.7,27.3,2023,B,ILOSTAT / national LFS (PLFS for India),
ARM,Armenia,neet_gap,15.0,14.25,15.75,2023,B,Derived from ILOSTAT / national LFS,
ARM,Armenia,stunting,9.0,8.46,9.54,2023,A,UNICEF/WHO/World Bank JME (NFHS-5 for India),
ARM,Armenia,suicide,5.0,5.0,5.0,2023,A,WHO Global Health Estimates; NCRB for India,
ARM,Armenia,u5mr,11.0,11.0,11.0,2023,A,UN IGME,
ARM,Armenia,water,98.0,98.0,98.0,2023,A,WHO/UNICEF JMP,
ARM,Armenia,y_unemp,30.0,28.5,31.5,2023,B,ILOSTAT,
ARM,Armenia,youth_lit,100.0,100.0,100.0,2023,A,UNESCO UIS,
AUS,Australia,adol_fert,7.0,7.0,7.0,2023,A,UN Population Division / World Bank SP.ADO.TFRT,
AUS,Australia,child_labour,0.0,0.0,0.0,2023,B,ILO/UNICEF,
AUS,Australia,child_marriage,0.2,0.2,0.2,2023,A,UNICEF; DHS/MICS,
AUS,Australia,electricity,100.0,100.0,100.0,2023,A,World Bank / IEA,
AUS,Australia,hlo,509.22,493.94,524.5,2023,B,"Altinok, Angrist & Patrinos (2018) / World Bank HLO",
AUS,Australia,homicide,0.9,0.9,0.9,2023,A,UNODC,
AUS,Australia,internet,96.0,96.0,96.0,2023,A,ITU / World Bank,
AUS,Australia,ladder,7.06,5.65,8.47,2023,C,Gallup World Poll via World Happiness Report,
AUS,Australia,lsec_comp,95.0,95.0,95.0,2023,A,UNESCO UIS,
AUS,Australia,mobile_bb,120.0,108.0,132.0,2023,B,ITU,
AUS,Australia,neet,8.5,8.07,8.93,2023,B,ILOSTAT / national LFS (PLFS for India),
AUS,Australia,neet_gap,1.5,1.42,1.58,2023,B,Derived from ILOSTAT / national LFS,
AUS,Australia,stunting,2.0,1.88,2.12,2023,A,UNICEF/WHO/World Bank JME (NFHS-5 for India),
AUS,Australia,suicide,12.2,12.2,12.2,2023,A,WHO Global Health Estimates; NCRB for India,
AUS,Australia,u5mr,3.4,3.4,3.4,2023,A,UN IGME,
AUS,Australia,water,100.0,100.0,100.0,2023,A,WHO/UNICEF JMP,
AUS,Australia,y_unemp,9.0,8.55,9.45,2023,B,ILOSTAT,
AUS,Australia,youth_lit,100.0,100.0,100.0,2023,A,UNESCO UIS,
AUT,Austria,adol_fert,5.0,5.0,5.0,2023,A,UN Population Division / World Bank SP.ADO.TFRT,
AUT,Austria,child_labour,0.0,0.0,0.0,2023,B,ILO/UNICEF,
AUT,Austria,child_marriage,0.2,0.2,0.2,2023,A,UNICEF; DHS/MICS,
AUT,Austria,electricity,100.0,100.0,100.0,2023,A,World Bank / IEA,
AUT,Austria,hlo,519.54,503.95,535.13,2023,B,"Altinok, Angrist & Patrinos (2018) / World Bank HLO",
AUT,Austria,homicide,0.6,0.6,0.6,2023,A,UNODC,
AUT,Austria,internet,95.0,95.0,95.0,2023,A,ITU / World Bank,
AUT,Austria,ladder,6.85,5.48,8.22,2023,C,Gallup World Poll via World Happiness Report,
AUT,Austria,lsec_comp,96.0,96.0,96.0,2023,A,UNESCO UIS,
AUT,Austria,mobile_bb,100.0,90.0,110.0,2023,B,ITU,
AUT,Austria,neet,9.0,8.55,9.45,2023,B,ILOSTAT / national LFS (PLFS for India),
AUT,Austria,neet_gap,1.5,1.42,1.58,2023,B,Derived from ILOSTAT / national LFS,
AUT,Austria,stunting,1.7,1.6,1.8,2023,A,UNICEF/WHO/World Bank JME (NFHS-5 for India),
AUT,Austria,suicide,12.6,12.6,12.6,2023,A,WHO Global Health Estimates; NCRB for India,
AUT,Austria,u5mr,3.4,3.4,3.4,2023,A,UN IGME,
AUT,Austria,water,100.0,100.0,100.0,2023,A,WHO/UNICEF JMP,
AUT,Austria,y_unemp,10.5,9.97,11.03,2023,B,ILOSTAT,
AUT,Austria,youth_lit,100.0,100.0,100.0,2023,A,UNESCO UIS,
AZE,Azerbaijan,adol_fert,40.0,40.0,40.0,2023,A,UN Population Division / World Bank SP.ADO.TFRT,
AZE,Azerbaijan,child_labour,7.0,6.3,7.7,2023,B,ILO/UNICEF,
AZE,Azerbaijan,child_marriage,11.0,11.0,11.0,2023,A,UNICEF; DHS/MICS,
AZE,Azerbaijan,electricity,100.0,100.0,100.0,2023,A,World Bank / IEA,
AZE,Azerbaijan,hlo,453.14,439.55,466.73,2023,B,"Altinok, Angrist & Patrinos (2018) / World Bank HLO",
AZE,Azerbaijan,homicide,2.0,2.0,2.0,2023,A,UNODC,
AZE,Azerbaijan,internet,88.0,88.0,88.0,2023,A,ITU / World Bank,
AZE,Azerbaijan,ladder,5.28,4.22,6.34,2023,C,Gallup World Poll via World Happiness Report,
AZE,Azerbaijan,lsec_comp,95.0,95.0,95.0,2023,A,UNESCO UIS,
AZE,Azerbaijan,mobile_bb,80.0,72.0,88.0,2023,B,ITU,
AZE,Azerbaijan,neet,25.0,23.75,26.25,2023,B,ILOSTAT / national LFS (PLFS for India),
AZE,Azerbaijan,neet_gap,15.0,14.25,15.75,2023,B,Derived from ILOSTAT / national LFS,
AZE,Azerbaijan,stunting,14.0,13.16,14.84,2023,A,UNICEF/WHO/World Bank JME (NFHS-5 for India),
AZE,Azerbaijan,suicide,3.0,3.0,3.0,2023,A,WHO Global Health Estimates; NCRB for India,
AZE,Azerbaijan,u5mr,18.0,18.0,18.0,2023,A,UN IGME,
AZE,Azerbaijan,water,96.0,96.0,96.0,2023,A,WHO/UNICEF JMP,
AZE,Azerbaijan,y_unemp,13.0,12.35,13.65,2023,B,ILOSTAT,
AZE,Azerbaijan,youth_lit,100.0,100.0,100.0,2023,A,UNESCO UIS,
BGD,Bangladesh,adol_fert,71.0,71.0,71.0,2023,A,UN Population Division / World Bank SP.ADO.TFRT,
BGD,Bangladesh,child_labour,7.0,6.3,7.7,2023,B,ILO/UNICEF,
BGD,Bangladesh,child_marriage,51.0,51.0,51.0,2023,A,UNICEF; DHS/MICS,
BGD,Bangladesh,electricity,99.0,99.0,99.0,2023,A,World Bank / IEA,
BGD,Bangladesh,hlo,402.89,378.72,427.06,2023,C,"Altinok, Angrist & Patrinos (2018) / World Bank HLO","Imputed by OLS on log(u5mr), youth_lit, lsec_comp, internet; R2=0.87"
BGD,Bangladesh,homicide,2.4,2.4,2.4,2023,A,UNODC,
BGD,Bangladesh,internet,45.0,45.0,45.0,2023,A,ITU / World Bank,
BGD,Bangladesh,ladder,4.28,3.42,5.14,2023,C,Gallup World Poll via World Happiness Report,
BGD,Bangladesh,lsec_comp,74.0,74.0,74.0,2023,A,UNESCO UIS,
BGD,Bangladesh,mobile_bb,45.0,40.5,49.5,2023,B,ITU,
BGD,Bangladesh,neet,26.0,24.7,27.3,2023,B,ILOSTAT / national LFS (PLFS for India),
BGD,Bangladesh,neet_gap,25.0,23.75,26.25,2023,B,Derived from ILOSTAT / national LFS,
BGD,Bangladesh,stunting,24.0,22.56,25.44,2023,A,UNICEF/WHO/World Bank JME (NFHS-5 for India),
BGD,Bangladesh,suicide,3.7,3.7,3.7,2023,A,WHO Global Health Estimates; NCRB for India,
BGD,Bangladesh,u5mr,27.0,27.0,27.0,2023,A,UN IGME,
BGD,Bangladesh,water,98.0,98.0,98.0,2023,A,WHO/UNICEF JMP,
BGD,Bangladesh,y_unemp,12.0,11.4,12.6,2023,B,ILOSTAT,
BGD,Bangladesh,youth_lit,95.0,95.0,95.0,2023,A,UNESCO UIS,
BLR,Belarus,adol_fert,10.0,10.0,10.0,2023,A,UN Population Division / World Bank SP.ADO.TFRT,
BLR,Belarus,child_labour,1.0,0.9,1.1,2023,B,ILO/UNICEF,
BLR,Belarus,child_marriage,1.0,1.0,1.0,2023,A,UNICEF; DHS/MICS,
BLR,Belarus,electricity,100.0,100.0,100.0,2023,A,World Bank / IEA,
BLR,Belarus,hlo,533.29,501.3,565.29,2023,C,"Altinok, Angrist & Patrinos (2018) / World Bank HLO","Imputed by OLS on log(u5mr), youth_lit, lsec_comp, internet; R2=0.87"
BLR,Belarus,homicide,2.4,2.4,2.4,2023,A,UNODC,
BLR,Belarus,internet,89.0,89.0,89.0,2023,A,ITU / World Bank,
BLR,Belarus,ladder,5.3,4.24,6.36,2023,C,Gallup World Poll via World Happiness Report,
BLR,Belarus,lsec_comp,96.0,96.0,96.0,2023,A,UNESCO UIS,
BLR,Belarus,mobile_bb,95.0,85.5,104.5,2023,B,ITU,
BLR,Belarus,neet,10.0,9.5,10.5,2023,B,ILOSTAT / national LFS (PLFS for India),
BLR,Belarus,neet_gap,3.0,2.85,3.15,2023,B,Derived from ILOSTAT / national LFS,
BLR,Belarus,stunting,3.0,2.82,3.18,2023,A,UNICEF/WHO/World Bank JME (NFHS-5 for India),
BLR,Belarus,suicide,20.0,20.0,20.0,2023,A,WHO Global Health Estimates; NCRB for India,
BLR,Belarus,u5mr,3.0,3.0,3.0,2023,A,UN IGME,
BLR,Belarus,water,98.0,98.0,98.0,2023,A,WHO/UNICEF JMP,
BLR,Belarus,y_unemp,10.0,9.5,10.5,2023,B,ILOSTAT,
BLR,Belarus,youth_lit,100.0,100.0,100.0,2023,A,UNESCO UIS,
BEL,Belgium,adol_fert,5.0,5.0,5.0,2023,A,UN Population Division / World Bank SP.ADO.TFRT,
BEL,Belgium,child_labour,0.0,0.0,0.0,2023,B,ILO/UNICEF,
BEL,Belgium,child_marriage,0.2,0.2,0.2,2023,A,UNICEF; DHS/MICS,
BEL,Belgium,electricity,100.0,100.0,100.0,2023,A,World Bank / IEA,
BEL,Belgium,hlo,529.11,513.24,544.98,2023,B,"Altinok, Angrist & Patrinos (2018) / World Bank HLO",
BEL,Belgium,homicide,1.3,1.3,1.3,2023,A,UNODC,
BEL,Belgium,internet,95.0,95.0,95.0,2023,A,ITU / World Bank,
BEL,Belgium,ladder,6.9,5.52,8.28,2023,C,Gallup World Poll via World Happiness Report,
BEL,Belgium,lsec_comp,96.0,96.0,96.0,2023,A,UNESCO UIS,
BEL,Belgium,mobile_bb,90.0,81.0,99.0,2023,B,ITU,
BEL,Belgium,neet,10.5,9.97,11.03,2023,B,ILOSTAT / national LFS (PLFS for India),
BEL,Belgium,neet_gap,1.5,1.42,1.58,2023,B,Derived from ILOSTAT / national LFS,
BEL,Belgium,stunting,1.7,1.6,1.8,2023,A,UNICEF/WHO/World Bank JME (NFHS-5 for India),
BEL,Belgium,suicide,15.0,15.0,15.0,2023,A,WHO Global Health Estimates; NCRB for India,
BEL,Belgium,u5mr,3.5,3.5,3.5,2023,A,UN IGME,
BEL,Belgium,water,100.0,100.0,100.0,2023,A,WHO/UNICEF JMP,
BEL,Belgium,y_unemp,15.0,14.25,15.75,2023,B,ILOSTAT,
BEL,Belgium,youth_lit,100.0,100.0,100.0,2023,A,UNESCO UIS,
BEN,Benin,adol_fert,90.0,90.0,90.0,2023,A,UN Population Division / World Bank SP.ADO.TFRT,
BEN,Benin,child_labour,53.0,47.7,58.3,2023,B,ILO/UNICEF,
BEN,Benin,child_marriage,31.0,31.0,31.0,2023,A,UNICEF; DHS/MICS,
BEN,Benin,electricity,42.0,42.0,42.0,2023,A,World Bank / IEA,
BEN,Benin,hlo,279.03,270.66,287.4,2023,B,"Altinok, Angrist & Patrinos (2018) / World Bank HLO",
BEN,Benin,homicide,6.0,6.0,6.0,2023,A,UNODC,
BEN,Benin,internet,34.0,34.0,34.0,2023,A,ITU / World Bank,
BEN,Benin,ladder,4.4,3.52,5.28,2023,C,Gallup World Poll via World Happiness Report,
BEN,Benin,lsec_comp,45.0,45.0,45.0,2023,A,UNESCO UIS,
BEN,Benin,mobile_bb,40.0,36.0,44.0,2023,B,ITU,
BEN,Benin,neet,30.0,28.5,31.5,2023,B,ILOSTAT / national LFS (PLFS for India),
BEN,Benin,neet_gap,15.0,14.25,15.75,2023,B,Derived from ILOSTAT / national LFS,
BEN,Benin,stunting,32.0,30.08,33.92,2023,A,UNICEF/WHO/World Bank JME (NFHS-5 for India),
BEN,Benin,suicide,7.0,7.0,7.0,2023,A,WHO Global Health Estimates; NCRB for India,
BEN,Benin,u5mr,82.0,82.0,82.0,2023,A,UN IGME,
BEN,Benin,water,68.0,68.0,68.0,2023,A,WHO/UNICEF JMP,
BEN,Benin,y_unemp,3.0,2.85,3.15,2023,B,ILOSTAT,
BEN,Benin,youth_lit,65.0,65.0,65.0,2023,A,UNESCO UIS,
BOL,Bolivia,adol_fert,63.0,63.0,63.0,2023,A,UN Population Division / World Bank SP.ADO.TFRT,
BOL,Bolivia,child_labour,26.0,23.4,28.6,2023,B,ILO/UNICEF,
BOL,Bolivia,child_marriage,20.0,20.0,20.0,2023,A,UNICEF; DHS/MICS,
BOL,Bolivia,electricity,99.0,99.0,99.0,2023,A,World Bank / IEA,
BOL,Bolivia,hlo,409.6,385.02,434.18,2023,C,"Altinok, Angrist & Patrinos (2018) / World Bank HLO","Imputed by OLS on log(u5mr), youth_lit, lsec_comp, internet; R2=0.87"
BOL,Bolivia,homicide,4.5,4.5,4.5,2023,A,UNODC,
BOL,Bolivia,internet,66.0,66.0,66.0,2023,A,ITU / World Bank,
BOL,Bolivia,ladder,5.9,4.72,7.08,2023,C,Gallup World Poll via World Happiness Report,
BOL,Bolivia,lsec_comp,80.0,80.0,80.0,2023,A,UNESCO UIS,
BOL,Bolivia,mobile_bb,65.0,58.5,71.5,2023,B,ITU,
BOL,Bolivia,neet,18.0,17.1,18.9,2023,B,ILOSTAT / national LFS (PLFS for India),
BOL,Bolivia,neet_gap,9.0,8.55,9.45,2023,B,Derived from ILOSTAT / national LFS,
BOL,Bolivia,stunting,12.0,11.28,12.72,2023,A,UNICEF/WHO/World Bank JME (NFHS-5 for India),
BOL,Bolivia,suicide,10.0,10.0,10.0,2023,A,WHO Global Health Estimates; NCRB for India,
BOL,Bolivia,u5mr,21.0,21.0,21.0,2023,A,UN IGME,
BOL,Bolivia,water,95.0,95.0,95.0,2023,A,WHO/UNICEF JMP,
BOL,Bolivia,y_unemp,10.0,9.5,10.5,2023,B,ILOSTAT,
BOL,Bolivia,youth_lit,99.0,99.0,99.0,2023,A,UNESCO UIS,
BWA,Botswana,adol_fert,45.0,45.0,45.0,2023,A,UN Population Division / World Bank SP.ADO.TFRT,
BWA,Botswana,child_labour,9.0,8.1,9.9,2023,B,ILO/UNICEF,
BWA,Botswana,child_marriage,8.0,8.0,8.0,2023,A,UNICEF; DHS/MICS,
BWA,Botswana,electricity,72.0,72.0,72.0,2023,A,World Bank / IEA,
BWA,Botswana,hlo,398.47,386.52,410.42,2023,B,"Altinok, Angrist & Patrinos (2018) / World Bank HLO",
BWA,Botswana,homicide,15.0,15.0,15.0,2023,A,UNODC,
BWA,Botswana,internet,73.0,73.0,73.0,2023,A,ITU / World Bank,
BWA,Botswana,ladder,3.5,2.8,4.2,2023,C,Gallup World Poll via World Happiness Report,
BWA,Botswana,lsec_comp,70.0,70.0,70.0,2023,A,UNESCO UIS,
BWA,Botswana,mobile_bb,80.0,72.0,88.0,2023,B,ITU,
BWA,Botswana,neet,30.0,28.5,31.5,2023,B,ILOSTAT / national LFS (PLFS for India),
BWA,Botswana,neet_gap,10.0,9.5,10.5,2023,B,Derived from ILOSTAT / national LFS,
BWA,Botswana,stunting,24.0,22.56,25.44,2023,A,UNICEF/WHO/World Bank JME (NFHS-5 for India),
BWA,Botswana,suicide,15.0,15.0,15.0,2023,A,WHO Global Health Estimates; NCRB for India,
BWA,Botswana,u5mr,39.0,39.0,39.0,2023,A,UN IGME,
BWA,Botswana,water,90.0,90.0,90.0,2023,A,WHO/UNICEF JMP,
BWA,Botswana,y_unemp,25.0,23.75,26.25,2023,B,ILOSTAT,
BWA,Botswana,youth_lit,98.0,98.0,98.0,2023,A,UNESCO UIS,
BRA,Brazil,adol_fert,42.0,42.0,42.0,2023,A,UN Population Division / World Bank SP.ADO.TFRT,
BRA,Brazil,child_labour,4.0,3.6,4.4,2023,B,ILO/UNICEF,
BRA,Brazil,child_marriage,26.0,26.0,26.0,2023,A,UNICEF; DHS/MICS,
BRA,Brazil,electricity,100.0,100.0,100.0,2023,A,World Bank / IEA,
BRA,Brazil,hlo,408.76,396.5,421.02,2023,B,"Altinok, Angrist & Patrinos (2018) / World Bank HLO",
BRA,Brazil,homicide,22.0,22.0,22.0,2023,A,UNODC,
BRA,Brazil,internet,84.0,84.0,84.0,2023,A,ITU / World Bank,
BRA,Brazil,ladder,6.27,5.02,7.52,2023,C,Gallup World Poll via World Happiness Report,
BRA,Brazil,lsec_comp,73.0,73.0,73.0,2023,A,UNESCO UIS,
BRA,Brazil,mobile_bb,95.0,85.5,104.5,2023,B,ITU,
BRA,Brazil,neet,24.3,23.09,25.52,2023,B,ILOSTAT / national LFS (PLFS for India),
BRA,Brazil,neet_gap,12.0,11.4,12.6,2023,B,Derived from ILOSTAT / national LFS,
BRA,Brazil,stunting,7.0,6.58,7.42,2023,A,UNICEF/WHO/World Bank JME (NFHS-5 for India),
BRA,Brazil,suicide,6.4,6.4,6.4,2023,A,WHO Global Health Estimates; NCRB for India,
BRA,Brazil,u5mr,13.6,13.6,13.6,2023,A,UN IGME,
BRA,Brazil,water,98.0,98.0,98.0,2023,A,WHO/UNICEF JMP,
BRA,Brazil,y_unemp,18.0,17.1,18.9,2023,B,ILOSTAT,
BRA,Brazil,youth_lit,99.0,99.0,99.0,2023,A,UNESCO UIS,
BGR,Bulgaria,adol_fert,39.0,39.0,39.0,2023,A,UN Population Division / World Bank SP.ADO.TFRT,
BGR,Bulgaria,child_labour,1.0,0.9,1.1,2023,B,ILO/UNICEF,
BGR,Bulgaria,child_marriage,3.0,3.0,3.0,2023,A,UNICEF; DHS/MICS,
BGR,Bulgaria,electricity,100.0,100.0,100.0,2023,A,World Bank / IEA,
BGR,Bulgaria,hlo,490.67,475.95,505.39,2023,B,"Altinok, Angrist & Patrinos (2018) / World Bank HLO",
BGR,Bulgaria,homicide,1.1,1.1,1.1,2023,A,UNODC,
BGR,Bulgaria,internet,84.0,84.0,84.0,2023,A,ITU / World Bank,
BGR,Bulgaria,ladder,5.37,4.3,6.44,2023,C,Gallup World Poll via World Happiness Report,
BGR,Bulgaria,lsec_comp,87.0,87.0,87.0,2023,A,UNESCO UIS,
BGR,Bulgaria,mobile_bb,100.0,90.0,110.0,2023,B,ITU,
BGR,Bulgaria,neet,18.0,17.1,18.9,2023,B,ILOSTAT / national LFS (PLFS for India),
BGR,Bulgaria,neet_gap,6.0,5.7,6.3,2023,B,Derived from ILOSTAT / national LFS,
BGR,Bulgaria,stunting,7.0,6.58,7.42,2023,A,UNICEF/WHO/World Bank JME (NFHS-5 for India),
BGR,Bulgaria,suicide,8.0,8.0,8.0,2023,A,WHO Global Health Estimates; NCRB for India,
BGR,Bulgaria,u5mr,6.0,6.0,6.0,2023,A,UN IGME,
BGR,Bulgaria,water,99.0,99.0,99.0,2023,A,WHO/UNICEF JMP,
BGR,Bulgaria,y_unemp,12.0,11.4,12.6,2023,B,ILOSTAT,
BGR,Bulgaria,youth_lit,98.0,98.0,98.0,2023,A,UNESCO UIS,
BFA,Burkina Faso,adol_fert,110.0,110.0,110.0,2023,A,UN Population Division / World Bank SP.ADO.TFRT,
BFA,Burkina Faso,child_labour,26.0,23.4,28.6,2023,B,ILO/UNICEF,
BFA,Burkina Faso,child_marriage,52.0,52.0,52.0,2023,A,UNICEF; DHS/MICS,
BFA,Burkina Faso,electricity,20.0,20.0,20.0,2023,A,World Bank / IEA,
BFA,Burkina Faso,hlo,296.88,287.97,305.79,2023,B,"Altinok, Angrist & Patrinos (2018) / World Bank HLO",
BFA,Burkina Faso,homicide,5.0,5.0,5.0,2023,A,UNODC,
BFA,Burkina Faso,internet,25.0,25.0,25.0,2023,A,ITU / World Bank,
BFA,Burkina Faso,ladder,4.6,3.68,5.52,2023,C,Gallup World Poll via World Happiness Report,
BFA,Burkina Faso,lsec_comp,30.0,30.0,30.0,2023,A,UNESCO UIS,
BFA,Burkina Faso,mobile_bb,25.0,22.5,27.5,2023,B,ITU,
BFA,Burkina Faso,neet,30.0,28.5,31.5,2023,B,ILOSTAT / national LFS (PLFS for India),
BFA,Burkina Faso,neet_gap,15.0,14.25,15.75,2023,B,Derived from ILOSTAT / national LFS,
BFA,Burkina Faso,stunting,22.0,20.68,23.32,2023,A,UNICEF/WHO/World Bank JME (NFHS-5 for India),
BFA,Burkina Faso,suicide,7.0,7.0,7.0,2023,A,WHO Global Health Estimates; NCRB for India,
BFA,Burkina Faso,u5mr,83.0,83.0,83.0,2023,A,UN IGME,
BFA,Burkina Faso,water,50.0,50.0,50.0,2023,A,WHO/UNICEF JMP,
BFA,Burkina Faso,y_unemp,4.0,3.8,4.2,2023,B,ILOSTAT,
BFA,Burkina Faso,youth_lit,60.0,60.0,60.0,2023,A,UNESCO UIS,
KHM,Cambodia,adol_fert,50.0,50.0,50.0,2023,A,UN Population Division / World Bank SP.ADO.TFRT,
KHM,Cambodia,child_labour,19.0,17.1,20.9,2023,B,ILO/UNICEF,
KHM,Cambodia,child_marriage,19.0,19.0,19.0,2023,A,UNICEF; DHS/MICS,
KHM,Cambodia,electricity,90.0,90.0,90.0,2023,A,World Bank / IEA,
KHM,Cambodia,hlo,357.42,335.98,378.87,2023,C,"Altinok, Angrist & Patrinos (2018) / World Bank HLO","Imputed by OLS on log(u5mr), youth_lit, lsec_comp, internet; R2=0.87"
KHM,Cambodia,homicide,2.4,2.4,2.4,2023,A,UNODC,
KHM,Cambodia,internet,60.0,60.0,60.0,2023,A,ITU / World Bank,
KHM,Cambodia,ladder,4.39,3.51,5.27,2023,C,Gallup World Poll via World Happiness Report,
KHM,Cambodia,lsec_comp,50.0,50.0,50.0,2023,A,UNESCO UIS,
KHM,Cambodia,mobile_bb,60.0,54.0,66.0,2023,B,ITU,
KHM,Cambodia,neet,15.0,14.25,15.75,2023,B,ILOSTAT / national LFS (PLFS for India),
KHM,Cambodia,neet_gap,10.0,9.5,10.5,2023,B,Derived from ILOSTAT / national LFS,
KHM,Cambodia,stunting,22.0,20.68,23.32,2023,A,UNICEF/WHO/World Bank JME (NFHS-5 for India),
KHM,Cambodia,suicide,5.5,5.5,5.5,2023,A,WHO Global Health Estimates; NCRB for India,
KHM,Cambodia,u5mr,24.0,24.0,24.0,2023,A,UN IGME,
KHM,Cambodia,water,80.0,80.0,80.0,2023,A,WHO/UNICEF JMP,
KHM,Cambodia,y_unemp,1.0,0.95,1.05,2023,B,ILOSTAT,
KHM,Cambodia,youth_lit,93.0,93.0,93.0,2023,A,UNESCO UIS,
CMR,Cameroon,adol_fert,105.0,105.0,105.0,2023,A,UN Population Division / World Bank SP.ADO.TFRT,
CMR,Cameroon,child_labour,38.0,34.2,41.8,2023,B,ILO/UNICEF,
CMR,Cameroon,child_marriage,30.0,30.0,30.0,2023,A,UNICEF; DHS/MICS,
CMR,Cameroon,electricity,65.0,65.0,65.0,2023,A,World Bank / IEA,
CMR,Cameroon,hlo,336.64,326.54,346.74,2023,B,"Altinok, Angrist & Patrinos (2018) / World Bank HLO",
CMR,Cameroon,homicide,5.0,5.0,5.0,2023,A,UNODC,
CMR,Cameroon,internet,45.0,45.0,45.0,2023,A,ITU / World Bank,
CMR,Cameroon,ladder,4.2,3.36,5.04,2023,C,Gallup World Poll via World Happiness Report,
CMR,Cameroon,lsec_comp,45.0,45.0,45.0,2023,A,UNESCO UIS,
CMR,Cameroon,mobile_bb,45.0,40.5,49.5,2023,B,ITU,
CMR,Cameroon,neet,25.0,23.75,26.25,2023,B,ILOSTAT / national LFS (PLFS for India),
CMR,Cameroon,neet_gap,12.0,11.4,12.6,2023,B,Derived from ILOSTAT / national LFS,
CMR,Cameroon,stunting,27.0,25.38,28.62,2023,A,UNICEF/WHO/World Bank JME (NFHS-5 for India),
CMR,Cameroon,suicide,10.0,10.0,10.0,2023,A,WHO Global Health Estimates; NCRB for India,
CMR,Cameroon,u5mr,70.0,70.0,70.0,2023,A,UN IGME,
CMR,Cameroon,water,68.0,68.0,68.0,2023,A,WHO/UNICEF JMP,
CMR,Cameroon,y_unemp,5.0,4.75,5.25,2023,B,ILOSTAT,
CMR,Cameroon,youth_lit,85.0,85.0,85.0,2023,A,UNESCO UIS,
CAN,Canada,adol_fert,5.0,5.0,5.0,2023,A,UN Population Division / World Bank SP.ADO.TFRT,
CAN,Canada,child_labour,0.0,0.0,0.0,2023,B,ILO/UNICEF,
CAN,Canada,child_marriage,0.5,0.5,0.5,2023,A,UNICEF; DHS/MICS,
CAN,Canada,electricity,100.0,100.0,100.0,2023,A,World Bank / IEA,
CAN,Canada,hlo,519.69,504.1,535.28,2023,B,"Altinok, Angrist & Patrinos (2018) / World Bank HLO",
CAN,Canada,homicide,2.0,2.0,2.0,2023,A,UNODC,
CAN,Canada,internet,95.0,95.0,95.0,2023,A,ITU / World Bank,
CAN,Canada,ladder,6.9,5.52,8.28,2023,C,Gallup World Poll via World Happiness Report,
CAN,Canada,lsec_comp,95.0,95.0,95.0,2023,A,UNESCO UIS,
CAN,Canada,mobile_bb,90.0,81.0,99.0,2023,B,ITU,
CAN,Canada,neet,10.5,9.97,11.03,2023,B,ILOSTAT / national LFS (PLFS for India),
CAN,Canada,neet_gap,1.5,1.42,1.58,2023,B,Derived from ILOSTAT / national LFS,
CAN,Canada,stunting,2.0,1.88,2.12,2023,A,UNICEF/WHO/World Bank JME (NFHS-5 for India),
CAN,Canada,suicide,10.3,10.3,10.3,2023,A,WHO Global Health Estimates; NCRB for India,
CAN,Canada,u5mr,4.5,4.5,4.5,2023,A,UN IGME,
CAN,Canada,water,99.0,99.0,99.0,2023,A,WHO/UNICEF JMP,
CAN,Canada,y_unemp,11.0,10.45,11.55,2023,B,ILOSTAT,
CAN,Canada,youth_lit,100.0,100.0,100.0,2023,A,UNESCO UIS,
CAF,Central African Republic,adol_fert,160.0,160.0,160.0,2023,A,UN Population Division / World Bank SP.ADO.TFRT,
CAF,Central African Republic,child_labour,28.0,25.2,30.8,2023,B,ILO/UNICEF,
CAF,Central African Republic,child_marriage,61.0,61.0,61.0,2023,A,UNICEF; DHS/MICS,
CAF,Central African Republic,electricity,16.0,16.0,16.0,2023,A,World Bank / IEA,
CAF,Central African Republic,hlo,301.35,283.27,319.43,2023,C,"Altinok, Angrist & Patrinos (2018) / World Bank HLO","Imputed by OLS on log(u5mr), youth_lit, lsec_comp, internet; R2=0.87"
CAF,Central African Republic,homicide,10.0,10.0,10.0,2023,A,UNODC,
CAF,Central African Republic,internet,11.0,11.0,11.0,2023,A,ITU / World Bank,
CAF,Central African Republic,ladder,3.2,2.56,3.84,2023,C,Gallup World Poll via World Happiness Report,
CAF,Central African Republic,lsec_comp,25.0,25.0,25.0,2023,A,UNESCO UIS,
CAF,Central African Republic,mobile_bb,10.0,9.0,11.0,2023,B,ITU,
CAF,Central African Republic,neet,40.0,38.0,42.0,2023,B,ILOSTAT / national LFS (PLFS for India),
CAF,Central African Republic,neet_gap,20.0,19.0,21.0,2023,B,Derived from ILOSTAT / national LFS,
CAF,Central African Republic,stunting,40.0,37.6,42.4,2023,A,UNICEF/WHO/World Bank JME (NFHS-5 for India),
CAF,Central African Republic,suicide,8.0,8.0,8.0,2023,A,WHO Global Health Estimates; NCRB for India,
CAF,Central African Republic,u5mr,100.0,100.0,100.0,2023,A,UN IGME,
CAF,Central African Republic,water,37.0,37.0,37.0,2023,A,WHO/UNICEF JMP,
CAF,Central African Republic,y_unemp,8.0,7.6,8.4,2023,B,ILOSTAT,
CAF,Central African Republic,youth_lit,40.0,40.0,40.0,2023,A,UNESCO UIS,
TCD,Chad,adol_fert,150.0,150.0,150.0,2023,A,UN Population Division / World Bank SP.ADO.TFRT,
TCD,Chad,child_labour,39.0,35.1,42.9,2023,B,ILO/UNICEF,
TCD,Chad,child_marriage,61.0,61.0,61.0,2023,A,UNICEF; DHS/MICS,
TCD,Chad,electricity,12.0,12.0,12.0,2023,A,World Bank / IEA,
TCD,Chad,hlo,300.46,291.45,309.47,2023,B,"Altinok, Angrist & Patrinos (2018) / World Bank HLO",
TCD,Chad,homicide,7.0,7.0,7.0,2023,A,UNODC,
TCD,Chad,internet,18.0,18.0,18.0,2023,A,ITU / World Bank,
TCD,Chad,ladder,3.9,3.12,4.68,2023,C,Gallup World Poll via World Happiness Report,
TCD,Chad,lsec_comp,20.0,20.0,20.0,2023,A,UNESCO UIS,
TCD,Chad,mobile_bb,15.0,13.5,16.5,2023,B,ITU,
TCD,Chad,neet,40.0,38.0,42.0,2023,B,ILOSTAT / national LFS (PLFS for India),
TCD,Chad,neet_gap,20.0,19.0,21.0,2023,B,Derived from ILOSTAT / national LFS,
TCD,Chad,stunting,35.0,32.9,37.1,2023,A,UNICEF/WHO/World Bank JME (NFHS-5 for India),
TCD,Chad,suicide,8.0,8.0,8.0,2023,A,WHO Global Health Estimates; NCRB for India,
TCD,Chad,u5mr,103.0,103.0,103.0,2023,A,UN IGME,
TCD,Chad,water,45.0,45.0,45.0,2023,A,WHO/UNICEF JMP,
TCD,Chad,y_unemp,3.0,2.85,3.15,2023,B,ILOSTAT,
TCD,Chad,youth_lit,35.0,35.0,35.0,2023,A,UNESCO UIS,
CHL,Chile,adol_fert,17.0,17.0,17.0,2023,A,UN Population Division / World Bank SP.ADO.TFRT,
CHL,Chile,child_labour,3.0,2.7,3.3,2023,B,ILO/UNICEF,
CHL,Chile,child_marriage,10.0,10.0,10.0,2023,A,UNICEF; DHS/MICS,
CHL,Chile,electricity,100.0,100.0,100.0,2023,A,World Bank / IEA,
CHL,Chile,hlo,455.97,442.29,469.65,2023,B,"Altinok, Angrist & Patrinos (2018) / World Bank HLO",
CHL,Chile,homicide,4.5,4.5,4.5,2023,A,UNODC,
CHL,Chile,internet,92.0,92.0,92.0,2023,A,ITU / World Bank,
CHL,Chile,ladder,6.33,5.06,7.6,2023,C,Gallup World Poll via World Happiness Report,
CHL,Chile,lsec_comp,86.0,86.0,86.0,2023,A,UNESCO UIS,
CHL,Chile,mobile_bb,110.0,99.0,121.0,2023,B,ITU,
CHL,Chile,neet,18.0,17.1,18.9,2023,B,ILOSTAT / national LFS (PLFS for India),
CHL,Chile,neet_gap,7.0,6.65,7.35,2023,B,Derived from ILOSTAT / national LFS,
CHL,Chile,stunting,2.5,2.35,2.65,2023,A,UNICEF/WHO/World Bank JME (NFHS-5 for India),
CHL,Chile,suicide,10.0,10.0,10.0,2023,A,WHO Global Health Estimates; NCRB for India,
CHL,Chile,u5mr,6.6,6.6,6.6,2023,A,UN IGME,
CHL,Chile,water,100.0,100.0,100.0,2023,A,WHO/UNICEF JMP,
CHL,Chile,y_unemp,20.0,19.0,21.0,2023,B,ILOSTAT,
CHL,Chile,youth_lit,99.0,99.0,99.0,2023,A,UNESCO UIS,
CHN,China,adol_fert,5.2,5.2,5.2,2023,A,UN Population Division / World Bank SP.ADO.TFRT,
CHN,China,child_labour,0.5,0.45,0.55,2023,B,ILO/UNICEF,
CHN,China,child_marriage,3.0,3.0,3.0,2023,A,UNICEF; DHS/MICS,
CHN,China,electricity,100.0,100.0,100.0,2023,A,World Bank / IEA,
CHN,China,hlo,554.72,538.08,571.36,2023,B,"Altinok, Angrist & Patrinos (2018) / World Bank HLO",
CHN,China,homicide,0.5,0.5,0.5,2023,A,UNODC,
CHN,China,internet,92.0,92.0,92.0,2023,A,ITU / World Bank,
CHN,China,ladder,5.97,4.78,7.16,2023,C,Gallup World Poll via World Happiness Report,
CHN,China,lsec_comp,97.0,97.0,97.0,2023,A,UNESCO UIS,
CHN,China,mobile_bb,120.0,108.0,132.0,2023,B,ITU,
CHN,China,neet,15.0,14.25,15.75,2023,B,ILOSTAT / national LFS (PLFS for India),
CHN,China,neet_gap,6.0,5.7,6.3,2023,B,Derived from ILOSTAT / national LFS,
CHN,China,stunting,4.8,4.51,5.09,2023,A,UNICEF/WHO/World Bank JME (NFHS-5 for India),
CHN,China,suicide,8.1,8.1,8.1,2023,A,WHO Global Health Estimates; NCRB for India,
CHN,China,u5mr,6.4,6.4,6.4,2023,A,UN IGME,
CHN,China,water,95.0,95.0,95.0,2023,A,WHO/UNICEF JMP,
CHN,China,y_unemp,15.0,14.25,15.75,2023,B,ILOSTAT,
CHN,China,youth_lit,100.0,100.0,100.0,2023,A,UNESCO UIS,
COL,Colombia,adol_fert,50.0,50.0,50.0,2023,A,UN Population Division / World Bank SP.ADO.TFRT,
COL,Colombia,child_labour,4.0,3.6,4.4,2023,B,ILO/UNICEF,
COL,Colombia,child_marriage,23.0,23.0,23.0,2023,A,UNICEF; DHS/MICS,
COL,Colombia,electricity,100.0,100.0,100.0,2023,A,World Bank / IEA,
COL,Colombia,hlo,413.67,401.26,426.08,2023,B,"Altinok, Angrist & Patrinos (2018) / World Bank HLO",
COL,Colombia,homicide,25.0,25.0,25.0,2023,A,UNODC,
COL,Colombia,internet,76.0,76.0,76.0,2023,A,ITU / World Bank,
COL,Colombia,ladder,6.05,4.84,7.26,2023,C,Gallup World Poll via World Happiness Report,
COL,Colombia,lsec_comp,78.0,78.0,78.0,2023,A,UNESCO UIS,
COL,Colombia,mobile_bb,75.0,67.5,82.5,2023,B,ITU,
COL,Colombia,neet,25.0,23.75,26.25,2023,B,ILOSTAT / national LFS (PLFS for India),
COL,Colombia,neet_gap,14.0,13.3,14.7,2023,B,Derived from ILOSTAT / national LFS,
COL,Colombia,stunting,11.0,10.34,11.66,2023,A,UNICEF/WHO/World Bank JME (NFHS-5 for India),
COL,Colombia,suicide,5.6,5.6,5.6,2023,A,WHO Global Health Estimates; NCRB for India,
COL,Colombia,u5mr,12.4,12.4,12.4,2023,A,UN IGME,
COL,Colombia,water,98.0,98.0,98.0,2023,A,WHO/UNICEF JMP,
COL,Colombia,y_unemp,19.0,18.05,19.95,2023,B,ILOSTAT,
COL,Colombia,youth_lit,99.0,99.0,99.0,2023,A,UNESCO UIS,
CRI,Costa Rica,adol_fert,35.0,35.0,35.0,2023,A,UN Population Division / World Bank SP.ADO.TFRT,
CRI,Costa Rica,child_labour,4.0,3.6,4.4,2023,B,ILO/UNICEF,
CRI,Costa Rica,child_marriage,17.0,17.0,17.0,2023,A,UNICEF; DHS/MICS,
CRI,Costa Rica,electricity,100.0,100.0,100.0,2023,A,World Bank / IEA,
CRI,Costa Rica,hlo,422.54,409.86,435.22,2023,B,"Altinok, Angrist & Patrinos (2018) / World Bank HLO",
CRI,Costa Rica,homicide,11.0,11.0,11.0,2023,A,UNODC,
CRI,Costa Rica,internet,84.0,84.0,84.0,2023,A,ITU / World Bank,
CRI,Costa Rica,ladder,6.61,5.29,7.93,2023,C,Gallup World Poll via World Happiness Report,
CRI,Costa Rica,lsec_comp,75.0,75.0,75.0,2023,A,UNESCO UIS,
CRI,Costa Rica,mobile_bb,90.0,81.0,99.0,2023,B,ITU,
CRI,Costa Rica,neet,20.0,19.0,21.0,2023,B,ILOSTAT / national LFS (PLFS for India),
CRI,Costa Rica,neet_gap,12.0,11.4,12.6,2023,B,Derived from ILOSTAT / national LFS,
CRI,Costa Rica,stunting,9.0,8.46,9.54,2023,A,UNICEF/WHO/World Bank JME (NFHS-5 for India),
CRI,Costa Rica,suicide,6.5,6.5,6.5,2023,A,WHO Global Health Estimates; NCRB for India,
CRI,Costa Rica,u5mr,8.0,8.0,8.0,2023,A,UN IGME,
CRI,Costa Rica,water,100.0,100.0,100.0,2023,A,WHO/UNICEF JMP,
CRI,Costa Rica,y_unemp,17.0,16.15,17.85,2023,B,ILOSTAT,
CRI,Costa Rica,youth_lit,99.0,99.0,99.0,2023,A,UNESCO UIS,
CIV,Cote d'Ivoire,adol_fert,110.0,110.0,110.0,2023,A,UN Population Division / World Bank SP.ADO.TFRT,
CIV,Cote d'Ivoire,child_labour,21.0,18.9,23.1,2023,B,ILO/UNICEF,
CIV,Cote d'Ivoire,child_marriage,27.0,27.0,27.0,2023,A,UNICEF; DHS/MICS,
CIV,Cote d'Ivoire,electricity,70.0,70.0,70.0,2023,A,World Bank / IEA,
CIV,Cote d'Ivoire,hlo,259.79,252.0,267.58,2023,B,"Altinok, Angrist & Patrinos (2018) / World Bank HLO",
CIV,Cote d'Ivoire,homicide,4.0,4.0,4.0,2023,A,UNODC,
CIV,Cote d'Ivoire,internet,45.0,45.0,45.0,2023,A,ITU / World Bank,
CIV,Cote d'Ivoire,ladder,4.2,3.36,5.04,2023,C,Gallup World Poll via World Happiness Report,
CIV,Cote d'Ivoire,lsec_comp,45.0,45.0,45.0,2023,A,UNESCO UIS,
CIV,Cote d'Ivoire,mobile_bb,50.0,45.0,55.0,2023,B,ITU,
CIV,Cote d'Ivoire,neet,25.0,23.75,26.25,2023,B,ILOSTAT / national LFS (PLFS for India),
CIV,Cote d'Ivoire,neet_gap,15.0,14.25,15.75,2023,B,Derived from ILOSTAT / national LFS,
CIV,Cote d'Ivoire,stunting,21.0,19.74,22.26,2023,A,UNICEF/WHO/World Bank JME (NFHS-5 for India),
CIV,Cote d'Ivoire,suicide,8.0,8.0,8.0,2023,A,WHO Global Health Estimates; NCRB for India,
CIV,Cote d'Ivoire,u5mr,72.0,72.0,72.0,2023,A,UN IGME,
CIV,Cote d'Ivoire,water,74.0,74.0,74.0,2023,A,WHO/UNICEF JMP,
CIV,Cote d'Ivoire,y_unemp,4.0,3.8,4.2,2023,B,ILOSTAT,
CIV,Cote d'Ivoire,youth_lit,80.0,80.0,80.0,2023,A,UNESCO UIS,
HRV,Croatia,adol_fert,8.0,8.0,8.0,2023,A,UN Population Division / World Bank SP.ADO.TFRT,
HRV,Croatia,child_labour,0.0,0.0,0.0,2023,B,ILO/UNICEF,
HRV,Croatia,child_marriage,1.0,1.0,1.0,2023,A,UNICEF; DHS/MICS,
HRV,Croatia,electricity,100.0,100.0,100.0,2023,A,World Bank / IEA,
HRV,Croatia,hlo,491.55,476.8,506.3,2023,B,"Altinok, Angrist & Patrinos (2018) / World Bank HLO",
HRV,Croatia,homicide,0.8,0.8,0.8,2023,A,UNODC,
HRV,Croatia,internet,83.0,83.0,83.0,2023,A,ITU / World Bank,
HRV,Croatia,ladder,6.13,4.9,7.36,2023,C,Gallup World Poll via World Happiness Report,
HRV,Croatia,lsec_comp,95.0,95.0,95.0,2023,A,UNESCO UIS,
HRV,Croatia,mobile_bb,90.0,81.0,99.0,2023,B,ITU,
HRV,Croatia,neet,13.0,12.35,13.65,2023,B,ILOSTAT / national LFS (PLFS for India),
HRV,Croatia,neet_gap,3.0,2.85,3.15,2023,B,Derived from ILOSTAT / national LFS,
HRV,Croatia,stunting,2.0,1.88,2.12,2023,A,UNICEF/WHO/World Bank JME (NFHS-5 for India),
HRV,Croatia,suicide,11.0,11.0,11.0,2023,A,WHO Global Health Estimates; NCRB for India,
HRV,Croatia,u5mr,4.5,4.5,4.5,2023,A,UN IGME,
HRV,Croatia,water,99.0,99.0,99.0,2023,A,WHO/UNICEF JMP,
HRV,Croatia,y_unemp,17.0,16.15,17.85,2023,B,ILOSTAT,
HRV,Croatia,youth_lit,100.0,100.0,100.0,2023,A,UNESCO UIS,
CUB,Cuba,adol_fert,45.0,45.0,45.0,2023,A,UN Population Division / World Bank SP.ADO.TFRT,
CUB,Cuba,child_labour,5.0,4.5,5.5,2023,B,ILO/UNICEF,
CUB,Cuba,child_marriage,29.0,29.0,29.0,2023,A,UNICEF; DHS/MICS,
CUB,Cuba,electricity,100.0,100.0,100.0,2023,A,World Bank / IEA,
CUB,Cuba,hlo,507.91,492.67,523.15,2023,B,"Altinok, Angrist & Patrinos (2018) / World Bank HLO",
CUB,Cuba,homicide,5.0,5.0,5.0,2023,A,UNODC,
CUB,Cuba,internet,72.0,72.0,72.0,2023,A,ITU / World Bank,
CUB,Cuba,ladder,5.3,4.24,6.36,2023,C,Gallup World Poll via World Happiness Report,
CUB,Cuba,lsec_comp,95.0,95.0,95.0,2023,A,UNESCO UIS,
CUB,Cuba,mobile_bb,60.0,54.0,66.0,2023,B,ITU,
CUB,Cuba,neet,15.0,14.25,15.75,2023,B,ILOSTAT / national LFS (PLFS for India),
CUB,Cuba,neet_gap,8.0,7.6,8.4,2023,B,Derived from ILOSTAT / national LFS,
CUB,Cuba,stunting,7.0,6.58,7.42,2023,A,UNICEF/WHO/World Bank JME (NFHS-5 for India),
CUB,Cuba,suicide,15.0,15.0,15.0,2023,A,WHO Global Health Estimates; NCRB for India,
CUB,Cuba,u5mr,5.5,5.5,5.5,2023,A,UN IGME,
CUB,Cuba,water,97.0,97.0,97.0,2023,A,WHO/UNICEF JMP,
CUB,Cuba,y_unemp,5.0,4.75,5.25,2023,B,ILOSTAT,
CUB,Cuba,youth_lit,100.0,100.0,100.0,2023,A,UNESCO UIS,
CZE,Czechia,adol_fert,8.0,8.0,8.0,2023,A,UN Population Division / World Bank SP.ADO.TFRT,
CZE,Czechia,child_labour,0.0,0.0,0.0,2023,B,ILO/UNICEF,
CZE,Czechia,child_marriage,0.5,0.5,0.5,2023,A,UNICEF; DHS/MICS,
CZE,Czechia,electricity,100.0,100.0,100.0,2023,A,World Bank / IEA,
CZE,Czechia,hlo,516.2,500.71,531.69,2023,B,"Altinok, Angrist & Patrinos (2018) / World Bank HLO",
CZE,Czechia,homicide,0.7,0.7,0.7,2023,A,UNODC,
CZE,Czechia,internet,92.0,92.0,92.0,2023,A,ITU / World Bank,
CZE,Czechia,ladder,6.85,5.48,8.22,2023,C,Gallup World Poll via World Happiness Report,
CZE,Czechia,lsec_comp,96.0,96.0,96.0,2023,A,UNESCO UIS,
CZE,Czechia,mobile_bb,100.0,90.0,110.0,2023,B,ITU,
CZE,Czechia,neet,9.0,8.55,9.45,2023,B,ILOSTAT / national LFS (PLFS for India),
CZE,Czechia,neet_gap,4.0,3.8,4.2,2023,B,Derived from ILOSTAT / national LFS,
CZE,Czechia,stunting,2.5,2.35,2.65,2023,A,UNICEF/WHO/World Bank JME (NFHS-5 for India),
CZE,Czechia,suicide,11.0,11.0,11.0,2023,A,WHO Global Health Estimates; NCRB for India,
CZE,Czechia,u5mr,2.7,2.7,2.7,2023,A,UN IGME,
CZE,Czechia,water,100.0,100.0,100.0,2023,A,WHO/UNICEF JMP,
CZE,Czechia,y_unemp,8.0,7.6,8.4,2023,B,ILOSTAT,
CZE,Czechia,youth_lit,100.0,100.0,100.0,2023,A,UNESCO UIS,
COD,DR Congo,adol_fert,105.0,105.0,105.0,2023,A,UN Population Division / World Bank SP.ADO.TFRT,
COD,DR Congo,child_labour,38.0,34.2,41.8,2023,B,ILO/UNICEF,
COD,DR Congo,child_marriage,29.0,29.0,29.0,2023,A,UNICEF; DHS/MICS,
COD,DR Congo,electricity,21.0,21.0,21.0,2023,A,World Bank / IEA,
COD,DR Congo,hlo,340.17,329.96,350.38,2023,B,"Altinok, Angrist & Patrinos (2018) / World Bank HLO",
COD,DR Congo,homicide,14.0,14.0,14.0,2023,A,UNODC,
COD,DR Congo,internet,27.0,27.0,27.0,2023,A,ITU / World Bank,
COD,DR Congo,ladder,3.3,2.64,3.96,2023,C,Gallup World Poll via World Happiness Report,
COD,DR Congo,lsec_comp,45.0,45.0,45.0,2023,A,UNESCO UIS,
COD,DR Congo,mobile_bb,25.0,22.5,27.5,2023,B,ITU,
COD,DR Congo,neet,30.0,28.5,31.5,2023,B,ILOSTAT / national LFS (PLFS for India),
COD,DR Congo,neet_gap,10.0,9.5,10.5,2023,B,Derived from ILOSTAT / national LFS,
COD,DR Congo,stunting,40.0,37.6,42.4,2023,A,UNICEF/WHO/World Bank JME (NFHS-5 for India),
COD,DR Congo,suicide,8.0,8.0,8.0,2023,A,WHO Global Health Estimates; NCRB for India,
COD,DR Congo,u5mr,76.0,76.0,76.0,2023,A,UN IGME,
COD,DR Congo,water,47.0,47.0,47.0,2023,A,WHO/UNICEF JMP,
COD,DR Congo,y_unemp,5.0,4.75,5.25,2023,B,ILOSTAT,
COD,DR Congo,youth_lit,85.0,85.0,85.0,2023,A,UNESCO UIS,
DNK,Denmark,adol_fert,1.9,1.9,1.9,2023,A,UN Population Division / World Bank SP.ADO.TFRT,
DNK,Denmark,child_labour,0.0,0.0,0.0,2023,B,ILO/UNICEF,
DNK,Denmark,child_marriage,0.2,0.2,0.2,2023,A,UNICEF; DHS/MICS,
DNK,Denmark,electricity,100.0,100.0,100.0,2023,A,World Bank / IEA,
DNK,Denmark,hlo,534.18,518.15,550.21,2023,B,"Altinok, Angrist & Patrinos (2018) / World Bank HLO",
DNK,Denmark,homicide,1.0,1.0,1.0,2023,A,UNODC,
DNK,Denmark,internet,99.0,99.0,99.0,2023,A,ITU / World Bank,
DNK,Denmark,ladder,7.58,6.06,9.1,2023,C,Gallup World Poll via World Happiness Report,
DNK,Denmark,lsec_comp,98.0,98.0,98.0,2023,A,UNESCO UIS,
DNK,Denmark,mobile_bb,140.0,126.0,154.0,2023,B,ITU,
DNK,Denmark,neet,7.0,6.65,7.35,2023,B,ILOSTAT / national LFS (PLFS for India),
DNK,Denmark,neet_gap,0.7,0.66,0.73,2023,B,Derived from ILOSTAT / national LFS,
DNK,Denmark,stunting,1.5,1.41,1.59,2023,A,UNICEF/WHO/World Bank JME (NFHS-5 for India),
DNK,Denmark,suicide,9.6,9.6,9.6,2023,A,WHO Global Health Estimates; NCRB for India,
DNK,Denmark,u5mr,3.4,3.4,3.4,2023,A,UN IGME,
DNK,Denmark,water,100.0,100.0,100.0,2023,A,WHO/UNICEF JMP,
DNK,Denmark,y_unemp,11.0,10.45,11.55,2023,B,ILOSTAT,
DNK,Denmark,youth_lit,100.0,100.0,100.0,2023,A,UNESCO UIS,
DOM,Dominican Republic,adol_fert,58.0,58.0,58.0,2023,A,UN Population Division / World Bank SP.ADO.TFRT,
DOM,Dominican Republic,child_labour,6.0,5.4,6.6,2023,B,ILO/UNICEF,
DOM,Dominican Republic,child_marriage,32.0,32.0,32.0,2023,A,UNICEF; DHS/MICS,
DOM,Dominican Republic,electricity,99.0,99.0,99.0,2023,A,World Bank / IEA,
DOM,Dominican Republic,hlo,337.71,327.58,347.84,2023,B,"Altinok, Angrist & Patrinos (2018) / World Bank HLO",
DOM,Dominican Republic,homicide,15.0,15.0,15.0,2023,A,UNODC,
DOM,Dominican Republic,internet,85.0,85.0,85.0,2023,A,ITU / World Bank,
DOM,Dominican Republic,ladder,5.6,4.48,6.72,2023,C,Gallup World Poll via World Happiness Report,
DOM,Dominican Republic,lsec_comp,70.0,70.0,70.0,2023,A,UNESCO UIS,
DOM,Dominican Republic,mobile_bb,70.0,63.0,77.0,2023,B,ITU,
DOM,Dominican Republic,neet,22.0,20.9,23.1,2023,B,ILOSTAT / national LFS (PLFS for India),
DOM,Dominican Republic,neet_gap,14.0,13.3,14.7,2023,B,Derived from ILOSTAT / national LFS,
DOM,Dominican Republic,stunting,6.0,5.64,6.36,2023,A,UNICEF/WHO/World Bank JME (NFHS-5 for India),
DOM,Dominican Republic,suicide,7.0,7.0,7.0,2023,A,WHO Global Health Estimates; NCRB for India,
DOM,Dominican Republic,u5mr,32.0,32.0,32.0,2023,A,UN IGME,
DOM,Dominican Republic,water,97.0,97.0,97.0,2023,A,WHO/UNICEF JMP,
DOM,Dominican Republic,y_unemp,14.0,13.3,14.7,2023,B,ILOSTAT,
DOM,Dominican Republic,youth_lit,98.0,98.0,98.0,2023,A,UNESCO UIS,
ECU,Ecuador,adol_fert,60.0,60.0,60.0,2023,A,UN Population Division / World Bank SP.ADO.TFRT,
ECU,Ecuador,child_labour,7.0,6.3,7.7,2023,B,ILO/UNICEF,
ECU,Ecuador,child_marriage,23.0,23.0,23.0,2023,A,UNICEF; DHS/MICS,
ECU,Ecuador,electricity,98.0,98.0,98.0,2023,A,World Bank / IEA,
ECU,Ecuador,hlo,414.71,402.27,427.15,2023,B,"Altinok, Angrist & Patrinos (2018) / World Bank HLO",
ECU,Ecuador,homicide,7.8,7.8,7.8,2023,A,UNODC,
ECU,Ecuador,internet,71.0,71.0,71.0,2023,A,ITU / World Bank,
ECU,Ecuador,ladder,5.97,4.78,7.16,2023,C,Gallup World Poll via World Happiness Report,
ECU,Ecuador,lsec_comp,80.0,80.0,80.0,2023,A,UNESCO UIS,
ECU,Ecuador,mobile_bb,60.0,54.0,66.0,2023,B,ITU,
ECU,Ecuador,neet,22.0,20.9,23.1,2023,B,ILOSTAT / national LFS (PLFS for India),
ECU,Ecuador,neet_gap,12.0,11.4,12.6,2023,B,Derived from ILOSTAT / national LFS,
ECU,Ecuador,stunting,23.0,21.62,24.38,2023,A,UNICEF/WHO/World Bank JME (NFHS-5 for India),
ECU,Ecuador,suicide,7.5,7.5,7.5,2023,A,WHO Global Health Estimates; NCRB for India,
ECU,Ecuador,u5mr,12.6,12.6,12.6,2023,A,UN IGME,
ECU,Ecuador,water,95.0,95.0,95.0,2023,A,WHO/UNICEF JMP,
ECU,Ecuador,y_unemp,10.0,9.5,10.5,2023,B,ILOSTAT,
ECU,Ecuador,youth_lit,99.0,99.0,99.0,2023,A,UNESCO UIS,
EGY,Egypt,adol_fert,50.0,50.0,50.0,2023,A,UN Population Division / World Bank SP.ADO.TFRT,
EGY,Egypt,child_labour,5.0,4.5,5.5,2023,B,ILO/UNICEF,
EGY,Egypt,child_marriage,17.0,17.0,17.0,2023,A,UNICEF; DHS/MICS,
EGY,Egypt,electricity,100.0,100.0,100.0,2023,A,World Bank / IEA,
EGY,Egypt,hlo,397.83,385.9,409.76,2023,B,"Altinok, Angrist & Patrinos (2018) / World Bank HLO",
EGY,Egypt,homicide,2.0,2.0,2.0,2023,A,UNODC,
EGY,Egypt,internet,72.0,72.0,72.0,2023,A,ITU / World Bank,
EGY,Egypt,ladder,4.0,3.2,4.8,2023,C,Gallup World Poll via World Happiness Report,
EGY,Egypt,lsec_comp,75.0,75.0,75.0,2023,A,UNESCO UIS,
EGY,Egypt,mobile_bb,70.0,63.0,77.0,2023,B,ITU,
EGY,Egypt,neet,25.0,23.75,26.25,2023,B,ILOSTAT / national LFS (PLFS for India),
EGY,Egypt,neet_gap,25.0,23.75,26.25,2023,B,Derived from ILOSTAT / national LFS,
EGY,Egypt,stunting,22.0,20.68,23.32,2023,A,UNICEF/WHO/World Bank JME (NFHS-5 for India),
EGY,Egypt,suicide,3.4,3.4,3.4,2023,A,WHO Global Health Estimates; NCRB for India,
EGY,Egypt,u5mr,19.0,19.0,19.0,2023,A,UN IGME,
EGY,Egypt,water,99.0,99.0,99.0,2023,A,WHO/UNICEF JMP,
EGY,Egypt,y_unemp,17.0,16.15,17.85,2023,B,ILOSTAT,
EGY,Egypt,youth_lit,90.0,90.0,90.0,2023,A,UNESCO UIS,
EST,Estonia,adol_fert,8.0,8.0,8.0,2023,A,UN Population Division / World Bank SP.ADO.TFRT,
EST,Estonia,child_labour,0.0,0.0,0.0,2023,B,ILO/UNICEF,
EST,Estonia,child_marriage,0.5,0.5,0.5,2023,A,UNICEF; DHS/MICS,
EST,Estonia,electricity,100.0,100.0,100.0,2023,A,World Bank / IEA,
EST,Estonia,hlo,542.42,526.15,558.69,2023,B,"Altinok, Angrist & Patrinos (2018) / World Bank HLO",
EST,Estonia,homicide,2.0,2.0,2.0,2023,A,UNODC,
EST,Estonia,internet,93.0,93.0,93.0,2023,A,ITU / World Bank,
EST,Estonia,ladder,6.45,5.16,7.74,2023,C,Gallup World Poll via World Happiness Report,
EST,Estonia,lsec_comp,97.0,97.0,97.0,2023,A,UNESCO UIS,
EST,Estonia,mobile_bb,130.0,117.0,143.0,2023,B,ITU,
EST,Estonia,neet,10.0,9.5,10.5,2023,B,ILOSTAT / national LFS (PLFS for India),
EST,Estonia,neet_gap,3.0,2.85,3.15,2023,B,Derived from ILOSTAT / national LFS,
EST,Estonia,stunting,1.5,1.41,1.59,2023,A,UNICEF/WHO/World Bank JME (NFHS-5 for India),
EST,Estonia,suicide,15.0,15.0,15.0,2023,A,WHO Global Health Estimates; NCRB for India,
EST,Estonia,u5mr,2.0,2.0,2.0,2023,A,UN IGME,
EST,Estonia,water,100.0,100.0,100.0,2023,A,WHO/UNICEF JMP,
EST,Estonia,y_unemp,15.0,14.25,15.75,2023,B,ILOSTAT,
EST,Estonia,youth_lit,100.0,100.0,100.0,2023,A,UNESCO UIS,
ETH,Ethiopia,adol_fert,66.0,66.0,66.0,2023,A,UN Population Division / World Bank SP.ADO.TFRT,
ETH,Ethiopia,child_labour,27.0,24.3,29.7,2023,B,ILO/UNICEF,
ETH,Ethiopia,child_marriage,40.0,40.0,40.0,2023,A,UNICEF; DHS/MICS,
ETH,Ethiopia,electricity,55.0,55.0,55.0,2023,A,World Bank / IEA,
ETH,Ethiopia,hlo,336.27,316.09,356.45,2023,C,"Altinok, Angrist & Patrinos (2018) / World Bank HLO","Imputed by OLS on log(u5mr), youth_lit, lsec_comp, internet; R2=0.87"
ETH,Ethiopia,homicide,7.0,7.0,7.0,2023,A,UNODC,
ETH,Ethiopia,internet,20.0,20.0,20.0,2023,A,ITU / World Bank,
ETH,Ethiopia,ladder,4.35,3.48,5.22,2023,C,Gallup World Poll via World Happiness Report,
ETH,Ethiopia,lsec_comp,35.0,35.0,35.0,2023,A,UNESCO UIS,
ETH,Ethiopia,mobile_bb,25.0,22.5,27.5,2023,B,ITU,
ETH,Ethiopia,neet,25.0,23.75,26.25,2023,B,ILOSTAT / national LFS (PLFS for India),
ETH,Ethiopia,neet_gap,15.0,14.25,15.75,2023,B,Derived from ILOSTAT / national LFS,
ETH,Ethiopia,stunting,37.0,34.78,39.22,2023,A,UNICEF/WHO/World Bank JME (NFHS-5 for India),
ETH,Ethiopia,suicide,8.0,8.0,8.0,2023,A,WHO Global Health Estimates; NCRB for India,
ETH,Ethiopia,u5mr,46.0,46.0,46.0,2023,A,UN IGME,
ETH,Ethiopia,water,50.0,50.0,50.0,2023,A,WHO/UNICEF JMP,
ETH,Ethiopia,y_unemp,5.0,4.75,5.25,2023,B,ILOSTAT,
ETH,Ethiopia,youth_lit,73.0,73.0,73.0,2023,A,UNESCO UIS,
FIN,Finland,adol_fert,3.8,3.8,3.8,2023,A,UN Population Division / World Bank SP.ADO.TFRT,
FIN,Finland,child_labour,0.0,0.0,0.0,2023,B,ILO/UNICEF,
FIN,Finland,child_marriage,0.2,0.2,0.2,2023,A,UNICEF; DHS/MICS,
FIN,Finland,electricity,100.0,100.0,100.0,2023,A,World Bank / IEA,
FIN,Finland,hlo,531.13,515.2,547.06,2023,B,"Altinok, Angrist & Patrinos (2018) / World Bank HLO",
FIN,Finland,homicide,1.6,1.6,1.6,2023,A,UNODC,
FIN,Finland,internet,96.0,96.0,96.0,2023,A,ITU / World Bank,
FIN,Finland,ladder,7.74,6.19,9.29,2023,C,Gallup World Poll via World Happiness Report,
FIN,Finland,lsec_comp,99.0,99.0,99.0,2023,A,UNESCO UIS,
FIN,Finland,mobile_bb,160.0,144.0,176.0,2023,B,ITU,
FIN,Finland,neet,8.5,8.07,8.93,2023,B,ILOSTAT / national LFS (PLFS for India),
FIN,Finland,neet_gap,0.5,0.47,0.53,2023,B,Derived from ILOSTAT / national LFS,
FIN,Finland,stunting,1.5,1.41,1.59,2023,A,UNICEF/WHO/World Bank JME (NFHS-5 for India),
FIN,Finland,suicide,13.4,13.4,13.4,2023,A,WHO Global Health Estimates; NCRB for India,
FIN,Finland,u5mr,2.2,2.2,2.2,2023,A,UN IGME,
FIN,Finland,water,100.0,100.0,100.0,2023,A,WHO/UNICEF JMP,
FIN,Finland,y_unemp,17.0,16.15,17.85,2023,B,ILOSTAT,
FIN,Finland,youth_lit,100.0,100.0,100.0,2023,A,UNESCO UIS,
FRA,France,adol_fert,8.0,8.0,8.0,2023,A,UN Population Division / World Bank SP.ADO.TFRT,
FRA,France,child_labour,0.0,0.0,0.0,2023,B,ILO/UNICEF,
FRA,France,child_marriage,0.2,0.2,0.2,2023,A,UNICEF; DHS/MICS,
FRA,France,electricity,100.0,100.0,100.0,2023,A,World Bank / IEA,
FRA,France,hlo,499.18,484.2,514.16,2023,B,"Altinok, Angrist & Patrinos (2018) / World Bank HLO",
FRA,France,homicide,1.2,1.2,1.2,2023,A,UNODC,
FRA,France,internet,87.0,87.0,87.0,2023,A,ITU / World Bank,
FRA,France,ladder,6.66,5.33,7.99,2023,C,Gallup World Poll via World Happiness Report,
FRA,France,lsec_comp,96.0,96.0,96.0,2023,A,UNESCO UIS,
FRA,France,mobile_bb,105.0,94.5,115.5,2023,B,ITU,
FRA,France,neet,12.0,11.4,12.6,2023,B,ILOSTAT / national LFS (PLFS for India),
FRA,France,neet_gap,1.5,1.42,1.58,2023,B,Derived from ILOSTAT / national LFS,
FRA,France,stunting,1.9,1.79,2.01,2023,A,UNICEF/WHO/World Bank JME (NFHS-5 for India),
FRA,France,suicide,12.8,12.8,12.8,2023,A,WHO Global Health Estimates; NCRB for India,
FRA,France,u5mr,4.3,4.3,4.3,2023,A,UN IGME,
FRA,France,water,100.0,100.0,100.0,2023,A,WHO/UNICEF JMP,
FRA,France,y_unemp,17.5,16.62,18.38,2023,B,ILOSTAT,
FRA,France,youth_lit,100.0,100.0,100.0,2023,A,UNESCO UIS,
GEO,Georgia,adol_fert,25.0,25.0,25.0,2023,A,UN Population Division / World Bank SP.ADO.TFRT,
GEO,Georgia,child_labour,2.0,1.8,2.2,2023,B,ILO/UNICEF,
GEO,Georgia,child_marriage,14.0,14.0,14.0,2023,A,UNICEF; DHS/MICS,
GEO,Georgia,electricity,100.0,100.0,100.0,2023,A,World Bank / IEA,
GEO,Georgia,hlo,459.68,445.89,473.47,2023,B,"Altinok, Angrist & Patrinos (2018) / World Bank HLO",
GEO,Georgia,homicide,2.0,2.0,2.0,2023,A,UNODC,
GEO,Georgia,internet,84.0,84.0,84.0,2023,A,ITU / World Bank,
GEO,Georgia,ladder,5.2,4.16,6.24,2023,C,Gallup World Poll via World Happiness Report,
GEO,Georgia,lsec_comp,95.0,95.0,95.0,2023,A,UNESCO UIS,
GEO,Georgia,mobile_bb,80.0,72.0,88.0,2023,B,ITU,
GEO,Georgia,neet,25.0,23.75,26.25,2023,B,ILOSTAT / national LFS (PLFS for India),
GEO,Georgia,neet_gap,10.0,9.5,10.5,2023,B,Derived from ILOSTAT / national LFS,
GEO,Georgia,stunting,6.0,5.64,6.36,2023,A,UNICEF/WHO/World Bank JME (NFHS-5 for India),
GEO,Georgia,suicide,7.0,7.0,7.0,2023,A,WHO Global Health Estimates; NCRB for India,
GEO,Georgia,u5mr,9.0,9.0,9.0,2023,A,UN IGME,
GEO,Georgia,water,98.0,98.0,98.0,2023,A,WHO/UNICEF JMP,
GEO,Georgia,y_unemp,30.0,28.5,31.5,2023,B,ILOSTAT,
GEO,Georgia,youth_lit,100.0,100.0,100.0,2023,A,UNESCO UIS,
DEU,Germany,adol_fert,6.5,6.5,6.5,2023,A,UN Population Division / World Bank SP.ADO.TFRT,
DEU,Germany,child_labour,0.0,0.0,0.0,2023,B,ILO/UNICEF,
DEU,Germany,child_marriage,0.2,0.2,0.2,2023,A,UNICEF; DHS/MICS,
DEU,Germany,electricity,100.0,100.0,100.0,2023,A,World Bank / IEA,
DEU,Germany,hlo,524.26,508.53,539.99,2023,B,"Altinok, Angrist & Patrinos (2018) / World Bank HLO",
DEU,Germany,homicide,0.9,0.9,0.9,2023,A,UNODC,
DEU,Germany,internet,93.0,93.0,93.0,2023,A,ITU / World Bank,
DEU,Germany,ladder,6.75,5.4,8.1,2023,C,Gallup World Poll via World Happiness Report,
DEU,Germany,lsec_comp,97.0,97.0,97.0,2023,A,UNESCO UIS,
DEU,Germany,mobile_bb,100.0,90.0,110.0,2023,B,ITU,
DEU,Germany,neet,8.5,8.07,8.93,2023,B,ILOSTAT / national LFS (PLFS for India),
DEU,Germany,neet_gap,1.5,1.42,1.58,2023,B,Derived from ILOSTAT / national LFS,
DEU,Germany,stunting,1.7,1.6,1.8,2023,A,UNICEF/WHO/World Bank JME (NFHS-5 for India),
DEU,Germany,suicide,12.3,12.3,12.3,2023,A,WHO Global Health Estimates; NCRB for India,
DEU,Germany,u5mr,3.6,3.6,3.6,2023,A,UN IGME,
DEU,Germany,water,100.0,100.0,100.0,2023,A,WHO/UNICEF JMP,
DEU,Germany,y_unemp,6.0,5.7,6.3,2023,B,ILOSTAT,
DEU,Germany,youth_lit,100.0,100.0,100.0,2023,A,UNESCO UIS,
GHA,Ghana,adol_fert,64.0,64.0,64.0,2023,A,UN Population Division / World Bank SP.ADO.TFRT,
GHA,Ghana,child_labour,17.0,15.3,18.7,2023,B,ILO/UNICEF,
GHA,Ghana,child_marriage,19.0,19.0,19.0,2023,A,UNICEF; DHS/MICS,
GHA,Ghana,electricity,86.0,86.0,86.0,2023,A,World Bank / IEA,
GHA,Ghana,hlo,336.16,326.08,346.24,2023,B,"Altinok, Angrist & Patrinos (2018) / World Bank HLO",
GHA,Ghana,homicide,2.5,2.5,2.5,2023,A,UNODC,
GHA,Ghana,internet,70.0,70.0,70.0,2023,A,ITU / World Bank,
GHA,Ghana,ladder,4.4,3.52,5.28,2023,C,Gallup World Poll via World Happiness Report,
GHA,Ghana,lsec_comp,70.0,70.0,70.0,2023,A,UNESCO UIS,
GHA,Ghana,mobile_bb,80.0,72.0,88.0,2023,B,ITU,
GHA,Ghana,neet,25.0,23.75,26.25,2023,B,ILOSTAT / national LFS (PLFS for India),
GHA,Ghana,neet_gap,10.0,9.5,10.5,2023,B,Derived from ILOSTAT / national LFS,
GHA,Ghana,stunting,15.0,14.1,15.9,2023,A,UNICEF/WHO/World Bank JME (NFHS-5 for India),
GHA,Ghana,suicide,7.0,7.0,7.0,2023,A,WHO Global Health Estimates; NCRB for India,
GHA,Ghana,u5mr,42.0,42.0,42.0,2023,A,UN IGME,
GHA,Ghana,water,88.0,88.0,88.0,2023,A,WHO/UNICEF JMP,
GHA,Ghana,y_unemp,6.0,5.7,6.3,2023,B,ILOSTAT,
GHA,Ghana,youth_lit,95.0,95.0,95.0,2023,A,UNESCO UIS,
GRC,Greece,adol_fert,6.0,6.0,6.0,2023,A,UN Population Division / World Bank SP.ADO.TFRT,
GRC,Greece,child_labour,0.0,0.0,0.0,2023,B,ILO/UNICEF,
GRC,Greece,child_marriage,0.5,0.5,0.5,2023,A,UNICEF; DHS/MICS,
GRC,Greece,electricity,100.0,100.0,100.0,2023,A,World Bank / IEA,
GRC,Greece,hlo,477.87,463.53,492.21,2023,B,"Altinok, Angrist & Patrinos (2018) / World Bank HLO",
GRC,Greece,homicide,0.9,0.9,0.9,2023,A,UNODC,
GRC,Greece,internet,85.0,85.0,85.0,2023,A,ITU / World Bank,
GRC,Greece,ladder,5.93,4.74,7.12,2023,C,Gallup World Poll via World Happiness Report,
GRC,Greece,lsec_comp,94.0,94.0,94.0,2023,A,UNESCO UIS,
GRC,Greece,mobile_bb,95.0,85.5,104.5,2023,B,ITU,
GRC,Greece,neet,15.0,14.25,15.75,2023,B,ILOSTAT / national LFS (PLFS for India),
GRC,Greece,neet_gap,3.0,2.85,3.15,2023,B,Derived from ILOSTAT / national LFS,
GRC,Greece,stunting,2.0,1.88,2.12,2023,A,UNICEF/WHO/World Bank JME (NFHS-5 for India),
GRC,Greece,suicide,4.5,4.5,4.5,2023,A,WHO Global Health Estimates; NCRB for India,
GRC,Greece,u5mr,3.7,3.7,3.7,2023,A,UN IGME,
GRC,Greece,water,100.0,100.0,100.0,2023,A,WHO/UNICEF JMP,
GRC,Greece,y_unemp,27.0,25.65,28.35,2023,B,ILOSTAT,
GRC,Greece,youth_lit,99.0,99.0,99.0,2023,A,UNESCO UIS,
GTM,Guatemala,adol_fert,66.0,66.0,66.0,2023,A,UN Population Division / World Bank SP.ADO.TFRT,
GTM,Guatemala,child_labour,16.0,14.4,17.6,2023,B,ILO/UNICEF,
GTM,Guatemala,child_marriage,30.0,30.0,30.0,2023,A,UNICEF; DHS/MICS,
GTM,Guatemala,electricity,97.0,97.0,97.0,2023,A,World Bank / IEA,
GTM,Guatemala,hlo,389.02,377.35,400.69,2023,B,"Altinok, Angrist & Patrinos (2018) / World Bank HLO",
GTM,Guatemala,homicide,17.0,17.0,17.0,2023,A,UNODC,
GTM,Guatemala,internet,55.0,55.0,55.0,2023,A,ITU / World Bank,
GTM,Guatemala,ladder,6.29,5.03,7.55,2023,C,Gallup World Poll via World Happiness Report,
GTM,Guatemala,lsec_comp,50.0,50.0,50.0,2023,A,UNESCO UIS,
GTM,Guatemala,mobile_bb,25.0,22.5,27.5,2023,B,ITU,
GTM,Guatemala,neet,26.0,24.7,27.3,2023,B,ILOSTAT / national LFS (PLFS for India),
GTM,Guatemala,neet_gap,20.0,19.0,21.0,2023,B,Derived from ILOSTAT / national LFS,
GTM,Guatemala,stunting,43.0,40.42,45.58,2023,A,UNICEF/WHO/World Bank JME (NFHS-5 for India),
GTM,Guatemala,suicide,5.0,5.0,5.0,2023,A,WHO Global Health Estimates; NCRB for India,
GTM,Guatemala,u5mr,22.0,22.0,22.0,2023,A,UN IGME,
GTM,Guatemala,water,94.0,94.0,94.0,2023,A,WHO/UNICEF JMP,
GTM,Guatemala,y_unemp,7.0,6.65,7.35,2023,B,ILOSTAT,
GTM,Guatemala,youth_lit,96.0,96.0,96.0,2023,A,UNESCO UIS,
GIN,Guinea,adol_fert,120.0,120.0,120.0,2023,A,UN Population Division / World Bank SP.ADO.TFRT,
GIN,Guinea,child_labour,28.0,25.2,30.8,2023,B,ILO/UNICEF,
GIN,Guinea,child_marriage,47.0,47.0,47.0,2023,A,UNICEF; DHS/MICS,
GIN,Guinea,electricity,45.0,45.0,45.0,2023,A,World Bank / IEA,
GIN,Guinea,hlo,298.22,280.33,316.12,2023,C,"Altinok, Angrist & Patrinos (2018) / World Bank HLO","Imputed by OLS on log(u5mr), youth_lit, lsec_comp, internet; R2=0.87"
GIN,Guinea,homicide,8.0,8.0,8.0,2023,A,UNODC,
GIN,Guinea,internet,32.0,32.0,32.0,2023,A,ITU / World Bank,
GIN,Guinea,ladder,4.0,3.2,4.8,2023,C,Gallup World Poll via World Happiness Report,
GIN,Guinea,lsec_comp,35.0,35.0,35.0,2023,A,UNESCO UIS,
GIN,Guinea,mobile_bb,35.0,31.5,38.5,2023,B,ITU,
GIN,Guinea,neet,35.0,33.25,36.75,2023,B,ILOSTAT / national LFS (PLFS for India),
GIN,Guinea,neet_gap,20.0,19.0,21.0,2023,B,Derived from ILOSTAT / national LFS,
GIN,Guinea,stunting,30.0,28.2,31.8,2023,A,UNICEF/WHO/World Bank JME (NFHS-5 for India),
GIN,Guinea,suicide,7.0,7.0,7.0,2023,A,WHO Global Health Estimates; NCRB for India,
GIN,Guinea,u5mr,92.0,92.0,92.0,2023,A,UN IGME,
GIN,Guinea,water,65.0,65.0,65.0,2023,A,WHO/UNICEF JMP,
GIN,Guinea,y_unemp,5.0,4.75,5.25,2023,B,ILOSTAT,
GIN,Guinea,youth_lit,55.0,55.0,55.0,2023,A,UNESCO UIS,
HTI,Haiti,adol_fert,50.0,50.0,50.0,2023,A,UN Population Division / World Bank SP.ADO.TFRT,
HTI,Haiti,child_labour,24.0,21.6,26.4,2023,B,ILO/UNICEF,
HTI,Haiti,child_marriage,15.0,15.0,15.0,2023,A,UNICEF; DHS/MICS,
HTI,Haiti,electricity,47.0,47.0,47.0,2023,A,World Bank / IEA,
HTI,Haiti,hlo,311.72,293.02,330.43,2023,C,"Altinok, Angrist & Patrinos (2018) / World Bank HLO","Imputed by OLS on log(u5mr), youth_lit, lsec_comp, internet; R2=0.87"
HTI,Haiti,homicide,7.0,7.0,7.0,2023,A,UNODC,
HTI,Haiti,internet,40.0,40.0,40.0,2023,A,ITU / World Bank,
HTI,Haiti,ladder,3.6,2.88,4.32,2023,C,Gallup World Poll via World Happiness Report,
HTI,Haiti,lsec_comp,40.0,40.0,40.0,2023,A,UNESCO UIS,
HTI,Haiti,mobile_bb,25.0,22.5,27.5,2023,B,ITU,
HTI,Haiti,neet,35.0,33.25,36.75,2023,B,ILOSTAT / national LFS (PLFS for India),
HTI,Haiti,neet_gap,15.0,14.25,15.75,2023,B,Derived from ILOSTAT / national LFS,
HTI,Haiti,stunting,20.0,18.8,21.2,2023,A,UNICEF/WHO/World Bank JME (NFHS-5 for India),
HTI,Haiti,suicide,7.0,7.0,7.0,2023,A,WHO Global Health Estimates; NCRB for India,
HTI,Haiti,u5mr,55.0,55.0,55.0,2023,A,UN IGME,
HTI,Haiti,water,68.0,68.0,68.0,2023,A,WHO/UNICEF JMP,
HTI,Haiti,y_unemp,14.0,13.3,14.7,2023,B,ILOSTAT,
HTI,Haiti,youth_lit,85.0,85.0,85.0,2023,A,UNESCO UIS,
HND,Honduras,adol_fert,72.0,72.0,72.0,2023,A,UN Population Division / World Bank SP.ADO.TFRT,
HND,Honduras,child_labour,15.0,13.5,16.5,2023,B,ILO/UNICEF,
HND,Honduras,child_marriage,34.0,34.0,34.0,2023,A,UNICEF; DHS/MICS,
HND,Honduras,electricity,95.0,95.0,95.0,2023,A,World Bank / IEA,
HND,Honduras,hlo,363.71,352.8,374.62,2023,B,"Altinok, Angrist & Patrinos (2018) / World Bank HLO",
HND,Honduras,homicide,31.0,31.0,31.0,2023,A,UNODC,
HND,Honduras,internet,55.0,55.0,55.0,2023,A,ITU / World Bank,
HND,Honduras,ladder,5.5,4.4,6.6,2023,C,Gallup World Poll via World Happiness Report,
HND,Honduras,lsec_comp,48.0,48.0,48.0,2023,A,UNESCO UIS,
HND,Honduras,mobile_bb,35.0,31.5,38.5,2023,B,ITU,
HND,Honduras,neet,27.0,25.65,28.35,2023,B,ILOSTAT / national LFS (PLFS for India),
HND,Honduras,neet_gap,22.0,20.9,23.1,2023,B,Derived from ILOSTAT / national LFS,
HND,Honduras,stunting,19.0,17.86,20.14,2023,A,UNICEF/WHO/World Bank JME (NFHS-5 for India),
HND,Honduras,suicide,3.0,3.0,3.0,2023,A,WHO Global Health Estimates; NCRB for India,
HND,Honduras,u5mr,15.0,15.0,15.0,2023,A,UN IGME,
HND,Honduras,water,96.0,96.0,96.0,2023,A,WHO/UNICEF JMP,
HND,Honduras,y_unemp,10.0,9.5,10.5,2023,B,ILOSTAT,
HND,Honduras,youth_lit,97.0,97.0,97.0,2023,A,UNESCO UIS,
HUN,Hungary,adol_fert,18.0,18.0,18.0,2023,A,UN Population Division / World Bank SP.ADO.TFRT,
HUN,Hungary,child_labour,0.0,0.0,0.0,2023,B,ILO/UNICEF,
HUN,Hungary,child_marriage,1.0,1.0,1.0,2023,A,UNICEF; DHS/MICS,
HUN,Hungary,electricity,100.0,100.0,100.0,2023,A,World Bank / IEA,
HUN,Hungary,hlo,522.5,506.82,538.18,2023,B,"Altinok, Angrist & Patrinos (2018) / World Bank HLO",
HUN,Hungary,homicide,1.0,1.0,1.0,2023,A,UNODC,
HUN,Hungary,internet,92.0,92.0,92.0,2023,A,ITU / World Bank,
HUN,Hungary,ladder,6.04,4.83,7.25,2023,C,Gallup World Poll via World Happiness Report,
HUN,Hungary,lsec_comp,92.0,92.0,92.0,2023,A,UNESCO UIS,
HUN,Hungary,mobile_bb,90.0,81.0,99.0,2023,B,ITU,
HUN,Hungary,neet,11.0,10.45,11.55,2023,B,ILOSTAT / national LFS (PLFS for India),
HUN,Hungary,neet_gap,4.0,3.8,4.2,2023,B,Derived from ILOSTAT / national LFS,
HUN,Hungary,stunting,2.5,2.35,2.65,2023,A,UNICEF/WHO/World Bank JME (NFHS-5 for India),
HUN,Hungary,suicide,13.5,13.5,13.5,2023,A,WHO Global Health Estimates; NCRB for India,
HUN,Hungary,u5mr,3.5,3.5,3.5,2023,A,UN IGME,
HUN,Hungary,water,100.0,100.0,100.0,2023,A,WHO/UNICEF JMP,
HUN,Hungary,y_unemp,12.0,11.4,12.6,2023,B,ILOSTAT,
HUN,Hungary,youth_lit,99.0,99.0,99.0,2023,A,UNESCO UIS,
IND,India,adol_fert,14.1,14.1,14.1,2023,A,UN Population Division / World Bank SP.ADO.TFRT,
IND,India,child_labour,5.0,4.5,5.5,2023,B,ILO/UNICEF,
IND,India,child_marriage,23.3,23.3,23.3,2023,A,UNICEF; DHS/MICS,
IND,India,electricity,99.0,99.0,99.0,2023,A,World Bank / IEA,
IND,India,hlo,378.54,367.18,389.9,2023,B,"Altinok, Angrist & Patrinos (2018) / World Bank HLO",
IND,India,homicide,2.9,2.9,2.9,2023,A,UNODC,
IND,India,internet,70.0,70.0,70.0,2023,A,ITU / World Bank,
IND,India,ladder,4.39,3.51,5.27,2023,C,Gallup World Poll via World Happiness Report,WHR 2024=4.054; WHR 2025=4.389; WHR 2026=4.536
IND,India,lsec_comp,88.0,88.0,88.0,2023,A,UNESCO UIS,
IND,India,mobile_bb,85.0,76.5,93.5,2023,B,ITU,
IND,India,neet,39.0,37.05,40.95,2023,B,ILOSTAT / national LFS (PLFS for India),
IND,India,neet_gap,32.0,30.4,33.6,2023,B,Derived from ILOSTAT / national LFS,
IND,India,stunting,31.7,29.8,33.6,2023,A,UNICEF/WHO/World Bank JME (NFHS-5 for India),NFHS-5 (2019-21)=35.5; Poshan Tracker implies lower; band spans the dispute
IND,India,suicide,12.7,12.7,12.7,2023,A,WHO Global Health Estimates; NCRB for India,
IND,India,u5mr,25.0,25.0,25.0,2023,A,UN IGME,
IND,India,water,93.0,93.0,93.0,2023,A,WHO/UNICEF JMP,
IND,India,y_unemp,17.0,16.15,17.85,2023,B,ILOSTAT,
IND,India,youth_lit,96.0,96.0,96.0,2023,A,UNESCO UIS,
IDN,Indonesia,adol_fert,33.0,33.0,33.0,2023,A,UN Population Division / World Bank SP.ADO.TFRT,
IDN,Indonesia,child_labour,3.0,2.7,3.3,2023,B,ILO/UNICEF,
IDN,Indonesia,child_marriage,16.0,16.0,16.0,2023,A,UNICEF; DHS/MICS,
IDN,Indonesia,electricity,100.0,100.0,100.0,2023,A,World Bank / IEA,
IDN,Indonesia,hlo,396.71,384.81,408.61,2023,B,"Altinok, Angrist & Patrinos (2018) / World Bank HLO",
IDN,Indonesia,homicide,0.4,0.4,0.4,2023,A,UNODC,
IDN,Indonesia,internet,79.0,79.0,79.0,2023,A,ITU / World Bank,
IDN,Indonesia,ladder,5.62,4.5,6.74,2023,C,Gallup World Poll via World Happiness Report,
IDN,Indonesia,lsec_comp,80.0,80.0,80.0,2023,A,UNESCO UIS,
IDN,Indonesia,mobile_bb,110.0,99.0,121.0,2023,B,ITU,
IDN,Indonesia,neet,26.3,24.98,27.62,2023,B,ILOSTAT / national LFS (PLFS for India),
IDN,Indonesia,neet_gap,12.0,11.4,12.6,2023,B,Derived from ILOSTAT / national LFS,
IDN,Indonesia,stunting,31.0,29.14,32.86,2023,A,UNICEF/WHO/World Bank JME (NFHS-5 for India),
IDN,Indonesia,suicide,3.0,3.0,3.0,2023,A,WHO Global Health Estimates; NCRB for India,
IDN,Indonesia,u5mr,21.0,21.0,21.0,2023,A,UN IGME,
IDN,Indonesia,water,92.0,92.0,92.0,2023,A,WHO/UNICEF JMP,
IDN,Indonesia,y_unemp,16.0,15.2,16.8,2023,B,ILOSTAT,
IDN,Indonesia,youth_lit,100.0,100.0,100.0,2023,A,UNESCO UIS,
IRN,Iran,adol_fert,25.0,25.0,25.0,2023,A,UN Population Division / World Bank SP.ADO.TFRT,
IRN,Iran,child_labour,3.0,2.7,3.3,2023,B,ILO/UNICEF,
IRN,Iran,child_marriage,17.0,17.0,17.0,2023,A,UNICEF; DHS/MICS,
IRN,Iran,electricity,100.0,100.0,100.0,2023,A,World Bank / IEA,
IRN,Iran,hlo,433.92,420.9,446.94,2023,B,"Altinok, Angrist & Patrinos (2018) / World Bank HLO",
IRN,Iran,homicide,2.5,2.5,2.5,2023,A,UNODC,
IRN,Iran,internet,79.0,79.0,79.0,2023,A,ITU / World Bank,
IRN,Iran,ladder,4.92,3.94,5.9,2023,C,Gallup World Poll via World Happiness Report,
IRN,Iran,lsec_comp,85.0,85.0,85.0,2023,A,UNESCO UIS,
IRN,Iran,mobile_bb,80.0,72.0,88.0,2023,B,ITU,
IRN,Iran,neet,25.0,23.75,26.25,2023,B,ILOSTAT / national LFS (PLFS for India),
IRN,Iran,neet_gap,20.0,19.0,21.0,2023,B,Derived from ILOSTAT / national LFS,
IRN,Iran,stunting,5.0,4.7,5.3,2023,A,UNICEF/WHO/World Bank JME (NFHS-5 for India),
IRN,Iran,suicide,5.1,5.1,5.1,2023,A,WHO Global Health Estimates; NCRB for India,
IRN,Iran,u5mr,12.0,12.0,12.0,2023,A,UN IGME,
IRN,Iran,water,95.0,95.0,95.0,2023,A,WHO/UNICEF JMP,
IRN,Iran,y_unemp,22.0,20.9,23.1,2023,B,ILOSTAT,
IRN,Iran,youth_lit,99.0,99.0,99.0,2023,A,UNESCO UIS,
IRQ,Iraq,adol_fert,70.0,70.0,70.0,2023,A,UN Population Division / World Bank SP.ADO.TFRT,
IRQ,Iraq,child_labour,5.0,4.5,5.5,2023,B,ILO/UNICEF,
IRQ,Iraq,child_marriage,28.0,28.0,28.0,2023,A,UNICEF; DHS/MICS,
IRQ,Iraq,electricity,100.0,100.0,100.0,2023,A,World Bank / IEA,
IRQ,Iraq,hlo,352.95,331.77,374.13,2023,C,"Altinok, Angrist & Patrinos (2018) / World Bank HLO","Imputed by OLS on log(u5mr), youth_lit, lsec_comp, internet; R2=0.87"
IRQ,Iraq,homicide,7.0,7.0,7.0,2023,A,UNODC,
IRQ,Iraq,internet,80.0,80.0,80.0,2023,A,ITU / World Bank,
IRQ,Iraq,ladder,5.17,4.14,6.2,2023,C,Gallup World Poll via World Happiness Report,
IRQ,Iraq,lsec_comp,55.0,55.0,55.0,2023,A,UNESCO UIS,
IRQ,Iraq,mobile_bb,70.0,63.0,77.0,2023,B,ITU,
IRQ,Iraq,neet,30.0,28.5,31.5,2023,B,ILOSTAT / national LFS (PLFS for India),
IRQ,Iraq,neet_gap,30.0,28.5,31.5,2023,B,Derived from ILOSTAT / national LFS,
IRQ,Iraq,stunting,12.0,11.28,12.72,2023,A,UNICEF/WHO/World Bank JME (NFHS-5 for India),
IRQ,Iraq,suicide,3.5,3.5,3.5,2023,A,WHO Global Health Estimates; NCRB for India,
IRQ,Iraq,u5mr,24.0,24.0,24.0,2023,A,UN IGME,
IRQ,Iraq,water,98.0,98.0,98.0,2023,A,WHO/UNICEF JMP,
IRQ,Iraq,y_unemp,25.0,23.75,26.25,2023,B,ILOSTAT,
IRQ,Iraq,youth_lit,90.0,90.0,90.0,2023,A,UNESCO UIS,
IRL,Ireland,adol_fert,4.0,4.0,4.0,2023,A,UN Population Division / World Bank SP.ADO.TFRT,
IRL,Ireland,child_labour,0.0,0.0,0.0,2023,B,ILO/UNICEF,
IRL,Ireland,child_marriage,0.2,0.2,0.2,2023,A,UNICEF; DHS/MICS,
IRL,Ireland,electricity,100.0,100.0,100.0,2023,A,World Bank / IEA,
IRL,Ireland,hlo,535.42,519.36,551.48,2023,B,"Altinok, Angrist & Patrinos (2018) / World Bank HLO",
IRL,Ireland,homicide,0.7,0.7,0.7,2023,A,UNODC,
IRL,Ireland,internet,96.0,96.0,96.0,2023,A,ITU / World Bank,
IRL,Ireland,ladder,6.89,5.51,8.27,2023,C,Gallup World Poll via World Happiness Report,
IRL,Ireland,lsec_comp,98.0,98.0,98.0,2023,A,UNESCO UIS,
IRL,Ireland,mobile_bb,110.0,99.0,121.0,2023,B,ITU,
IRL,Ireland,neet,10.5,9.97,11.03,2023,B,ILOSTAT / national LFS (PLFS for India),
IRL,Ireland,neet_gap,1.0,0.95,1.05,2023,B,Derived from ILOSTAT / national LFS,
IRL,Ireland,stunting,1.5,1.41,1.59,2023,A,UNICEF/WHO/World Bank JME (NFHS-5 for India),
IRL,Ireland,suicide,7.8,7.8,7.8,2023,A,WHO Global Health Estimates; NCRB for India,
IRL,Ireland,u5mr,3.0,3.0,3.0,2023,A,UN IGME,
IRL,Ireland,water,100.0,100.0,100.0,2023,A,WHO/UNICEF JMP,
IRL,Ireland,y_unemp,12.0,11.4,12.6,2023,B,ILOSTAT,
IRL,Ireland,youth_lit,100.0,100.0,100.0,2023,A,UNESCO UIS,
ISR,Israel,adol_fert,7.0,7.0,7.0,2023,A,UN Population Division / World Bank SP.ADO.TFRT,
ISR,Israel,child_labour,0.0,0.0,0.0,2023,B,ILO/UNICEF,
ISR,Israel,child_marriage,1.0,1.0,1.0,2023,A,UNICEF; DHS/MICS,
ISR,Israel,electricity,100.0,100.0,100.0,2023,A,World Bank / IEA,
ISR,Israel,hlo,514.24,498.81,529.67,2023,B,"Altinok, Angrist & Patrinos (2018) / World Bank HLO",
ISR,Israel,homicide,1.4,1.4,1.4,2023,A,UNODC,
ISR,Israel,internet,90.0,90.0,90.0,2023,A,ITU / World Bank,
ISR,Israel,ladder,7.34,5.87,8.81,2023,C,Gallup World Poll via World Happiness Report,
ISR,Israel,lsec_comp,96.0,96.0,96.0,2023,A,UNESCO UIS,
ISR,Israel,mobile_bb,120.0,108.0,132.0,2023,B,ITU,
ISR,Israel,neet,15.0,14.25,15.75,2023,B,ILOSTAT / national LFS (PLFS for India),
ISR,Israel,neet_gap,4.0,3.8,4.2,2023,B,Derived from ILOSTAT / national LFS,
ISR,Israel,stunting,2.0,1.88,2.12,2023,A,UNICEF/WHO/World Bank JME (NFHS-5 for India),
ISR,Israel,suicide,5.0,5.0,5.0,2023,A,WHO Global Health Estimates; NCRB for India,
ISR,Israel,u5mr,3.6,3.6,3.6,2023,A,UN IGME,
ISR,Israel,water,100.0,100.0,100.0,2023,A,WHO/UNICEF JMP,
ISR,Israel,y_unemp,7.0,6.65,7.35,2023,B,ILOSTAT,
ISR,Israel,youth_lit,99.0,99.0,99.0,2023,A,UNESCO UIS,
ITA,Italy,adol_fert,4.0,4.0,4.0,2023,A,UN Population Division / World Bank SP.ADO.TFRT,
ITA,Italy,child_labour,0.0,0.0,0.0,2023,B,ILO/UNICEF,
ITA,Italy,child_marriage,0.2,0.2,0.2,2023,A,UNICEF; DHS/MICS,
ITA,Italy,electricity,100.0,100.0,100.0,2023,A,World Bank / IEA,
ITA,Italy,hlo,500.75,485.73,515.77,2023,B,"Altinok, Angrist & Patrinos (2018) / World Bank HLO",
ITA,Italy,homicide,0.5,0.5,0.5,2023,A,UNODC,
ITA,Italy,internet,88.0,88.0,88.0,2023,A,ITU / World Bank,
ITA,Italy,ladder,6.32,5.06,7.58,2023,C,Gallup World Poll via World Happiness Report,
ITA,Italy,lsec_comp,95.0,95.0,95.0,2023,A,UNESCO UIS,
ITA,Italy,mobile_bb,95.0,85.5,104.5,2023,B,ITU,
ITA,Italy,neet,18.5,17.57,19.43,2023,B,ILOSTAT / national LFS (PLFS for India),
ITA,Italy,neet_gap,3.5,3.32,3.68,2023,B,Derived from ILOSTAT / national LFS,
ITA,Italy,stunting,1.9,1.79,2.01,2023,A,UNICEF/WHO/World Bank JME (NFHS-5 for India),
ITA,Italy,suicide,6.2,6.2,6.2,2023,A,WHO Global Health Estimates; NCRB for India,
ITA,Italy,u5mr,2.8,2.8,2.8,2023,A,UN IGME,
ITA,Italy,water,100.0,100.0,100.0,2023,A,WHO/UNICEF JMP,
ITA,Italy,y_unemp,22.0,20.9,23.1,2023,B,ILOSTAT,
ITA,Italy,youth_lit,100.0,100.0,100.0,2023,A,UNESCO UIS,
JAM,Jamaica,adol_fert,35.0,35.0,35.0,2023,A,UN Population Division / World Bank SP.ADO.TFRT,
JAM,Jamaica,child_labour,3.0,2.7,3.3,2023,B,ILO/UNICEF,
JAM,Jamaica,child_marriage,8.0,8.0,8.0,2023,A,UNICEF; DHS/MICS,
JAM,Jamaica,electricity,98.0,98.0,98.0,2023,A,World Bank / IEA,
JAM,Jamaica,hlo,432.29,406.35,458.23,2023,C,"Altinok, Angrist & Patrinos (2018) / World Bank HLO","Imputed by OLS on log(u5mr), youth_lit, lsec_comp, internet; R2=0.87"
JAM,Jamaica,homicide,50.0,50.0,50.0,2023,A,UNODC,
JAM,Jamaica,internet,80.0,80.0,80.0,2023,A,ITU / World Bank,
JAM,Jamaica,ladder,6.3,5.04,7.56,2023,C,Gallup World Poll via World Happiness Report,
JAM,Jamaica,lsec_comp,80.0,80.0,80.0,2023,A,UNESCO UIS,
JAM,Jamaica,mobile_bb,60.0,54.0,66.0,2023,B,ITU,
JAM,Jamaica,neet,25.0,23.75,26.25,2023,B,ILOSTAT / national LFS (PLFS for India),
JAM,Jamaica,neet_gap,10.0,9.5,10.5,2023,B,Derived from ILOSTAT / national LFS,
JAM,Jamaica,stunting,9.0,8.46,9.54,2023,A,UNICEF/WHO/World Bank JME (NFHS-5 for India),
JAM,Jamaica,suicide,2.5,2.5,2.5,2023,A,WHO Global Health Estimates; NCRB for India,
JAM,Jamaica,u5mr,12.0,12.0,12.0,2023,A,UN IGME,
JAM,Jamaica,water,97.0,97.0,97.0,2023,A,WHO/UNICEF JMP,
JAM,Jamaica,y_unemp,20.0,19.0,21.0,2023,B,ILOSTAT,
JAM,Jamaica,youth_lit,98.0,98.0,98.0,2023,A,UNESCO UIS,
JPN,Japan,adol_fert,2.2,2.2,2.2,2023,A,UN Population Division / World Bank SP.ADO.TFRT,
JPN,Japan,child_labour,0.0,0.0,0.0,2023,B,ILO/UNICEF,
JPN,Japan,child_marriage,0.2,0.2,0.2,2023,A,UNICEF; DHS/MICS,
JPN,Japan,electricity,100.0,100.0,100.0,2023,A,World Bank / IEA,
JPN,Japan,hlo,590.89,573.16,608.62,2023,B,"Altinok, Angrist & Patrinos (2018) / World Bank HLO",
JPN,Japan,homicide,0.2,0.2,0.2,2023,A,UNODC,
JPN,Japan,internet,85.0,85.0,85.0,2023,A,ITU / World Bank,
JPN,Japan,ladder,6.06,4.85,7.27,2023,C,Gallup World Poll via World Happiness Report,
JPN,Japan,lsec_comp,99.0,99.0,99.0,2023,A,UNESCO UIS,
JPN,Japan,mobile_bb,180.0,162.0,198.0,2023,B,ITU,
JPN,Japan,neet,3.5,3.32,3.68,2023,B,ILOSTAT / national LFS (PLFS for India),
JPN,Japan,neet_gap,1.5,1.42,1.58,2023,B,Derived from ILOSTAT / national LFS,
JPN,Japan,stunting,5.5,5.17,5.83,2023,A,UNICEF/WHO/World Bank JME (NFHS-5 for India),
JPN,Japan,suicide,15.3,15.3,15.3,2023,A,WHO Global Health Estimates; NCRB for India,
JPN,Japan,u5mr,2.3,2.3,2.3,2023,A,UN IGME,
JPN,Japan,water,99.0,99.0,99.0,2023,A,WHO/UNICEF JMP,
JPN,Japan,y_unemp,4.5,4.27,4.73,2023,B,ILOSTAT,
JPN,Japan,youth_lit,100.0,100.0,100.0,2023,A,UNESCO UIS,
JOR,Jordan,adol_fert,25.0,25.0,25.0,2023,A,UN Population Division / World Bank SP.ADO.TFRT,
JOR,Jordan,child_labour,2.0,1.8,2.2,2023,B,ILO/UNICEF,
JOR,Jordan,child_marriage,8.0,8.0,8.0,2023,A,UNICEF; DHS/MICS,
JOR,Jordan,electricity,100.0,100.0,100.0,2023,A,World Bank / IEA,
JOR,Jordan,hlo,387.01,375.4,398.62,2023,B,"Altinok, Angrist & Patrinos (2018) / World Bank HLO",
JOR,Jordan,homicide,1.5,1.5,1.5,2023,A,UNODC,
JOR,Jordan,internet,89.0,89.0,89.0,2023,A,ITU / World Bank,
JOR,Jordan,ladder,4.19,3.35,5.03,2023,C,Gallup World Poll via World Happiness Report,
JOR,Jordan,lsec_comp,80.0,80.0,80.0,2023,A,UNESCO UIS,
JOR,Jordan,mobile_bb,80.0,72.0,88.0,2023,B,ITU,
JOR,Jordan,neet,32.0,30.4,33.6,2023,B,ILOSTAT / national LFS (PLFS for India),
JOR,Jordan,neet_gap,25.0,23.75,26.25,2023,B,Derived from ILOSTAT / national LFS,
JOR,Jordan,stunting,7.0,6.58,7.42,2023,A,UNICEF/WHO/World Bank JME (NFHS-5 for India),
JOR,Jordan,suicide,2.0,2.0,2.0,2023,A,WHO Global Health Estimates; NCRB for India,
JOR,Jordan,u5mr,13.0,13.0,13.0,2023,A,UN IGME,
JOR,Jordan,water,99.0,99.0,99.0,2023,A,WHO/UNICEF JMP,
JOR,Jordan,y_unemp,37.0,35.15,38.85,2023,B,ILOSTAT,
JOR,Jordan,youth_lit,99.0,99.0,99.0,2023,A,UNESCO UIS,
KAZ,Kazakhstan,adol_fert,20.0,20.0,20.0,2023,A,UN Population Division / World Bank SP.ADO.TFRT,
KAZ,Kazakhstan,child_labour,2.0,1.8,2.2,2023,B,ILO/UNICEF,
KAZ,Kazakhstan,child_marriage,7.0,7.0,7.0,2023,A,UNICEF; DHS/MICS,
KAZ,Kazakhstan,electricity,100.0,100.0,100.0,2023,A,World Bank / IEA,
KAZ,Kazakhstan,hlo,536.11,520.03,552.19,2023,B,"Altinok, Angrist & Patrinos (2018) / World Bank HLO",
KAZ,Kazakhstan,homicide,3.5,3.5,3.5,2023,A,UNODC,
KAZ,Kazakhstan,internet,92.0,92.0,92.0,2023,A,ITU / World Bank,
KAZ,Kazakhstan,ladder,6.55,5.24,7.86,2023,C,Gallup World Poll via World Happiness Report,
KAZ,Kazakhstan,lsec_comp,97.0,97.0,97.0,2023,A,UNESCO UIS,
KAZ,Kazakhstan,mobile_bb,90.0,81.0,99.0,2023,B,ITU,
KAZ,Kazakhstan,neet,9.0,8.55,9.45,2023,B,ILOSTAT / national LFS (PLFS for India),
KAZ,Kazakhstan,neet_gap,5.0,4.75,5.25,2023,B,Derived from ILOSTAT / national LFS,
KAZ,Kazakhstan,stunting,7.0,6.58,7.42,2023,A,UNICEF/WHO/World Bank JME (NFHS-5 for India),
KAZ,Kazakhstan,suicide,18.0,18.0,18.0,2023,A,WHO Global Health Estimates; NCRB for India,
KAZ,Kazakhstan,u5mr,9.0,9.0,9.0,2023,A,UN IGME,
KAZ,Kazakhstan,water,96.0,96.0,96.0,2023,A,WHO/UNICEF JMP,
KAZ,Kazakhstan,y_unemp,4.0,3.8,4.2,2023,B,ILOSTAT,
KAZ,Kazakhstan,youth_lit,100.0,100.0,100.0,2023,A,UNESCO UIS,
KEN,Kenya,adol_fert,63.0,63.0,63.0,2023,A,UN Population Division / World Bank SP.ADO.TFRT,
KEN,Kenya,child_labour,26.0,23.4,28.6,2023,B,ILO/UNICEF,
KEN,Kenya,child_marriage,23.0,23.0,23.0,2023,A,UNICEF; DHS/MICS,
KEN,Kenya,electricity,75.0,75.0,75.0,2023,A,World Bank / IEA,
KEN,Kenya,hlo,355.93,345.25,366.61,2023,B,"Altinok, Angrist & Patrinos (2018) / World Bank HLO",
KEN,Kenya,homicide,4.9,4.9,4.9,2023,A,UNODC,
KEN,Kenya,internet,40.0,40.0,40.0,2023,A,ITU / World Bank,
KEN,Kenya,ladder,4.49,3.59,5.39,2023,C,Gallup World Poll via World Happiness Report,
KEN,Kenya,lsec_comp,60.0,60.0,60.0,2023,A,UNESCO UIS,
KEN,Kenya,mobile_bb,50.0,45.0,55.0,2023,B,ITU,
KEN,Kenya,neet,25.0,23.75,26.25,2023,B,ILOSTAT / national LFS (PLFS for India),
KEN,Kenya,neet_gap,10.0,9.5,10.5,2023,B,Derived from ILOSTAT / national LFS,
KEN,Kenya,stunting,18.0,16.92,19.08,2023,A,UNICEF/WHO/World Bank JME (NFHS-5 for India),
KEN,Kenya,suicide,6.5,6.5,6.5,2023,A,WHO Global Health Estimates; NCRB for India,
KEN,Kenya,u5mr,37.0,37.0,37.0,2023,A,UN IGME,
KEN,Kenya,water,63.0,63.0,63.0,2023,A,WHO/UNICEF JMP,
KEN,Kenya,y_unemp,7.0,6.65,7.35,2023,B,ILOSTAT,
KEN,Kenya,youth_lit,88.0,88.0,88.0,2023,A,UNESCO UIS,
KGZ,Kyrgyzstan,adol_fert,32.0,32.0,32.0,2023,A,UN Population Division / World Bank SP.ADO.TFRT,
KGZ,Kyrgyzstan,child_labour,26.0,23.4,28.6,2023,B,ILO/UNICEF,
KGZ,Kyrgyzstan,child_marriage,13.0,13.0,13.0,2023,A,UNICEF; DHS/MICS,
KGZ,Kyrgyzstan,electricity,100.0,100.0,100.0,2023,A,World Bank / IEA,
KGZ,Kyrgyzstan,hlo,362.14,351.28,373.0,2023,B,"Altinok, Angrist & Patrinos (2018) / World Bank HLO",
KGZ,Kyrgyzstan,homicide,3.5,3.5,3.5,2023,A,UNODC,
KGZ,Kyrgyzstan,internet,78.0,78.0,78.0,2023,A,ITU / World Bank,
KGZ,Kyrgyzstan,ladder,5.6,4.48,6.72,2023,C,Gallup World Poll via World Happiness Report,
KGZ,Kyrgyzstan,lsec_comp,95.0,95.0,95.0,2023,A,UNESCO UIS,
KGZ,Kyrgyzstan,mobile_bb,80.0,72.0,88.0,2023,B,ITU,
KGZ,Kyrgyzstan,neet,20.0,19.0,21.0,2023,B,ILOSTAT / national LFS (PLFS for India),
KGZ,Kyrgyzstan,neet_gap,20.0,19.0,21.0,2023,B,Derived from ILOSTAT / national LFS,
KGZ,Kyrgyzstan,stunting,11.0,10.34,11.66,2023,A,UNICEF/WHO/World Bank JME (NFHS-5 for India),
KGZ,Kyrgyzstan,suicide,9.0,9.0,9.0,2023,A,WHO Global Health Estimates; NCRB for India,
KGZ,Kyrgyzstan,u5mr,16.0,16.0,16.0,2023,A,UN IGME,
KGZ,Kyrgyzstan,water,93.0,93.0,93.0,2023,A,WHO/UNICEF JMP,
KGZ,Kyrgyzstan,y_unemp,10.0,9.5,10.5,2023,B,ILOSTAT,
KGZ,Kyrgyzstan,youth_lit,100.0,100.0,100.0,2023,A,UNESCO UIS,
LAO,Laos,adol_fert,71.0,71.0,71.0,2023,A,UN Population Division / World Bank SP.ADO.TFRT,
LAO,Laos,child_labour,28.0,25.2,30.8,2023,B,ILO/UNICEF,
LAO,Laos,child_marriage,33.0,33.0,33.0,2023,A,UNICEF; DHS/MICS,
LAO,Laos,electricity,100.0,100.0,100.0,2023,A,World Bank / IEA,
LAO,Laos,hlo,325.14,305.63,344.65,2023,C,"Altinok, Angrist & Patrinos (2018) / World Bank HLO","Imputed by OLS on log(u5mr), youth_lit, lsec_comp, internet; R2=0.87"
LAO,Laos,homicide,4.5,4.5,4.5,2023,A,UNODC,
LAO,Laos,internet,62.0,62.0,62.0,2023,A,ITU / World Bank,
LAO,Laos,ladder,4.5,3.6,5.4,2023,C,Gallup World Poll via World Happiness Report,
LAO,Laos,lsec_comp,50.0,50.0,50.0,2023,A,UNESCO UIS,
LAO,Laos,mobile_bb,60.0,54.0,66.0,2023,B,ITU,
LAO,Laos,neet,25.0,23.75,26.25,2023,B,ILOSTAT / national LFS (PLFS for India),
LAO,Laos,neet_gap,15.0,14.25,15.75,2023,B,Derived from ILOSTAT / national LFS,
LAO,Laos,stunting,30.0,28.2,31.8,2023,A,UNICEF/WHO/World Bank JME (NFHS-5 for India),
LAO,Laos,suicide,7.0,7.0,7.0,2023,A,WHO Global Health Estimates; NCRB for India,
LAO,Laos,u5mr,42.0,42.0,42.0,2023,A,UN IGME,
LAO,Laos,water,86.0,86.0,86.0,2023,A,WHO/UNICEF JMP,
LAO,Laos,y_unemp,3.0,2.85,3.15,2023,B,ILOSTAT,
LAO,Laos,youth_lit,90.0,90.0,90.0,2023,A,UNESCO UIS,
LBN,Lebanon,adol_fert,15.0,15.0,15.0,2023,A,UN Population Division / World Bank SP.ADO.TFRT,
LBN,Lebanon,child_labour,2.0,1.8,2.2,2023,B,ILO/UNICEF,
LBN,Lebanon,child_marriage,6.0,6.0,6.0,2023,A,UNICEF; DHS/MICS,
LBN,Lebanon,electricity,90.0,90.0,90.0,2023,A,World Bank / IEA,
LBN,Lebanon,hlo,454.42,440.79,468.05,2023,B,"Altinok, Angrist & Patrinos (2018) / World Bank HLO",
LBN,Lebanon,homicide,3.0,3.0,3.0,2023,A,UNODC,
LBN,Lebanon,internet,88.0,88.0,88.0,2023,A,ITU / World Bank,
LBN,Lebanon,ladder,2.71,2.17,3.25,2023,C,Gallup World Poll via World Happiness Report,
LBN,Lebanon,lsec_comp,70.0,70.0,70.0,2023,A,UNESCO UIS,
LBN,Lebanon,mobile_bb,60.0,54.0,66.0,2023,B,ITU,
LBN,Lebanon,neet,30.0,28.5,31.5,2023,B,ILOSTAT / national LFS (PLFS for India),
LBN,Lebanon,neet_gap,20.0,19.0,21.0,2023,B,Derived from ILOSTAT / national LFS,
LBN,Lebanon,stunting,7.0,6.58,7.42,2023,A,UNICEF/WHO/World Bank JME (NFHS-5 for India),
LBN,Lebanon,suicide,3.0,3.0,3.0,2023,A,WHO Global Health Estimates; NCRB for India,
LBN,Lebanon,u5mr,7.0,7.0,7.0,2023,A,UN IGME,
LBN,Lebanon,water,93.0,93.0,93.0,2023,A,WHO/UNICEF JMP,
LBN,Lebanon,y_unemp,25.0,23.75,26.25,2023,B,ILOSTAT,
LBN,Lebanon,youth_lit,99.0,99.0,99.0,2023,A,UNESCO UIS,
LSO,Lesotho,adol_fert,90.0,90.0,90.0,2023,A,UN Population Division / World Bank SP.ADO.TFRT,
LSO,Lesotho,child_labour,23.0,20.7,25.3,2023,B,ILO/UNICEF,
LSO,Lesotho,child_marriage,16.0,16.0,16.0,2023,A,UNICEF; DHS/MICS,
LSO,Lesotho,electricity,50.0,50.0,50.0,2023,A,World Bank / IEA,
LSO,Lesotho,hlo,323.52,313.81,333.23,2023,B,"Altinok, Angrist & Patrinos (2018) / World Bank HLO",
LSO,Lesotho,homicide,22.0,22.0,22.0,2023,A,UNODC,
LSO,Lesotho,internet,48.0,48.0,48.0,2023,A,ITU / World Bank,
LSO,Lesotho,ladder,3.2,2.56,3.84,2023,C,Gallup World Poll via World Happiness Report,
LSO,Lesotho,lsec_comp,50.0,50.0,50.0,2023,A,UNESCO UIS,
LSO,Lesotho,mobile_bb,60.0,54.0,66.0,2023,B,ITU,
LSO,Lesotho,neet,35.0,33.25,36.75,2023,B,ILOSTAT / national LFS (PLFS for India),
LSO,Lesotho,neet_gap,10.0,9.5,10.5,2023,B,Derived from ILOSTAT / national LFS,
LSO,Lesotho,stunting,32.0,30.08,33.92,2023,A,UNICEF/WHO/World Bank JME (NFHS-5 for India),
LSO,Lesotho,suicide,72.0,72.0,72.0,2023,A,WHO Global Health Estimates; NCRB for India,
LSO,Lesotho,u5mr,71.0,71.0,71.0,2023,A,UN IGME,
LSO,Lesotho,water,72.0,72.0,72.0,2023,A,WHO/UNICEF JMP,
LSO,Lesotho,y_unemp,25.0,23.75,26.25,2023,B,ILOSTAT,
LSO,Lesotho,youth_lit,90.0,90.0,90.0,2023,A,UNESCO UIS,
LBY,Libya,adol_fert,10.0,10.0,10.0,2023,A,UN Population Division / World Bank SP.ADO.TFRT,
LBY,Libya,child_labour,3.0,2.7,3.3,2023,B,ILO/UNICEF,
LBY,Libya,child_marriage,6.0,6.0,6.0,2023,A,UNICEF; DHS/MICS,
LBY,Libya,electricity,70.0,70.0,70.0,2023,A,World Bank / IEA,
LBY,Libya,hlo,441.93,415.41,468.45,2023,C,"Altinok, Angrist & Patrinos (2018) / World Bank HLO","Imputed by OLS on log(u5mr), youth_lit, lsec_comp, internet; R2=0.87"
LBY,Libya,homicide,3.0,3.0,3.0,2023,A,UNODC,
LBY,Libya,internet,50.0,50.0,50.0,2023,A,ITU / World Bank,
LBY,Libya,ladder,5.6,4.48,6.72,2023,C,Gallup World Poll via World Happiness Report,
LBY,Libya,lsec_comp,70.0,70.0,70.0,2023,A,UNESCO UIS,
LBY,Libya,mobile_bb,40.0,36.0,44.0,2023,B,ITU,
LBY,Libya,neet,25.0,23.75,26.25,2023,B,ILOSTAT / national LFS (PLFS for India),
LBY,Libya,neet_gap,25.0,23.75,26.25,2023,B,Derived from ILOSTAT / national LFS,
LBY,Libya,stunting,25.0,23.5,26.5,2023,A,UNICEF/WHO/World Bank JME (NFHS-5 for India),
LBY,Libya,suicide,3.0,3.0,3.0,2023,A,WHO Global Health Estimates; NCRB for India,
LBY,Libya,u5mr,11.0,11.0,11.0,2023,A,UN IGME,
LBY,Libya,water,95.0,95.0,95.0,2023,A,WHO/UNICEF JMP,
LBY,Libya,y_unemp,20.0,19.0,21.0,2023,B,ILOSTAT,
LBY,Libya,youth_lit,99.0,99.0,99.0,2023,A,UNESCO UIS,
MDG,Madagascar,adol_fert,130.0,130.0,130.0,2023,A,UN Population Division / World Bank SP.ADO.TFRT,
MDG,Madagascar,child_labour,47.0,42.3,51.7,2023,B,ILO/UNICEF,
MDG,Madagascar,child_marriage,40.0,40.0,40.0,2023,A,UNICEF; DHS/MICS,
MDG,Madagascar,electricity,35.0,35.0,35.0,2023,A,World Bank / IEA,
MDG,Madagascar,hlo,367.58,356.55,378.61,2023,B,"Altinok, Angrist & Patrinos (2018) / World Bank HLO",
MDG,Madagascar,homicide,1.5,1.5,1.5,2023,A,UNODC,
MDG,Madagascar,internet,22.0,22.0,22.0,2023,A,ITU / World Bank,
MDG,Madagascar,ladder,4.0,3.2,4.8,2023,C,Gallup World Poll via World Happiness Report,
MDG,Madagascar,lsec_comp,35.0,35.0,35.0,2023,A,UNESCO UIS,
MDG,Madagascar,mobile_bb,20.0,18.0,22.0,2023,B,ITU,
MDG,Madagascar,neet,30.0,28.5,31.5,2023,B,ILOSTAT / national LFS (PLFS for India),
MDG,Madagascar,neet_gap,10.0,9.5,10.5,2023,B,Derived from ILOSTAT / national LFS,
MDG,Madagascar,stunting,40.0,37.6,42.4,2023,A,UNICEF/WHO/World Bank JME (NFHS-5 for India),
MDG,Madagascar,suicide,7.0,7.0,7.0,2023,A,WHO Global Health Estimates; NCRB for India,
MDG,Madagascar,u5mr,65.0,65.0,65.0,2023,A,UN IGME,
MDG,Madagascar,water,55.0,55.0,55.0,2023,A,WHO/UNICEF JMP,
MDG,Madagascar,y_unemp,4.0,3.8,4.2,2023,B,ILOSTAT,
MDG,Madagascar,youth_lit,80.0,80.0,80.0,2023,A,UNESCO UIS,
MWI,Malawi,adol_fert,120.0,120.0,120.0,2023,A,UN Population Division / World Bank SP.ADO.TFRT,
MWI,Malawi,child_labour,38.0,34.2,41.8,2023,B,ILO/UNICEF,
MWI,Malawi,child_marriage,42.0,42.0,42.0,2023,A,UNICEF; DHS/MICS,
MWI,Malawi,electricity,15.0,15.0,15.0,2023,A,World Bank / IEA,
MWI,Malawi,hlo,322.77,313.09,332.45,2023,B,"Altinok, Angrist & Patrinos (2018) / World Bank HLO",
MWI,Malawi,homicide,2.5,2.5,2.5,2023,A,UNODC,
MWI,Malawi,internet,25.0,25.0,25.0,2023,A,ITU / World Bank,
MWI,Malawi,ladder,3.5,2.8,4.2,2023,C,Gallup World Poll via World Happiness Report,
MWI,Malawi,lsec_comp,35.0,35.0,35.0,2023,A,UNESCO UIS,
MWI,Malawi,mobile_bb,25.0,22.5,27.5,2023,B,ITU,
MWI,Malawi,neet,25.0,23.75,26.25,2023,B,ILOSTAT / national LFS (PLFS for India),
MWI,Malawi,neet_gap,10.0,9.5,10.5,2023,B,Derived from ILOSTAT / national LFS,
MWI,Malawi,stunting,35.0,32.9,37.1,2023,A,UNICEF/WHO/World Bank JME (NFHS-5 for India),
MWI,Malawi,suicide,8.0,8.0,8.0,2023,A,WHO Global Health Estimates; NCRB for India,
MWI,Malawi,u5mr,38.0,38.0,38.0,2023,A,UN IGME,
MWI,Malawi,water,70.0,70.0,70.0,2023,A,WHO/UNICEF JMP,
MWI,Malawi,y_unemp,8.0,7.6,8.4,2023,B,ILOSTAT,
MWI,Malawi,youth_lit,90.0,90.0,90.0,2023,A,UNESCO UIS,
MYS,Malaysia,adol_fert,10.0,10.0,10.0,2023,A,UN Population Division / World Bank SP.ADO.TFRT,
MYS,Malaysia,child_labour,2.0,1.8,2.2,2023,B,ILO/UNICEF,
MYS,Malaysia,child_marriage,10.0,10.0,10.0,2023,A,UNICEF; DHS/MICS,
MYS,Malaysia,electricity,100.0,100.0,100.0,2023,A,World Bank / IEA,
MYS,Malaysia,hlo,474.05,459.83,488.27,2023,B,"Altinok, Angrist & Patrinos (2018) / World Bank HLO",
MYS,Malaysia,homicide,2.0,2.0,2.0,2023,A,UNODC,
MYS,Malaysia,internet,98.0,98.0,98.0,2023,A,ITU / World Bank,
MYS,Malaysia,ladder,6.01,4.81,7.21,2023,C,Gallup World Poll via World Happiness Report,
MYS,Malaysia,lsec_comp,84.0,84.0,84.0,2023,A,UNESCO UIS,
MYS,Malaysia,mobile_bb,130.0,117.0,143.0,2023,B,ITU,
MYS,Malaysia,neet,12.0,11.4,12.6,2023,B,ILOSTAT / national LFS (PLFS for India),
MYS,Malaysia,neet_gap,7.0,6.65,7.35,2023,B,Derived from ILOSTAT / national LFS,
MYS,Malaysia,stunting,20.9,19.65,22.15,2023,A,UNICEF/WHO/World Bank JME (NFHS-5 for India),
MYS,Malaysia,suicide,5.8,5.8,5.8,2023,A,WHO Global Health Estimates; NCRB for India,
MYS,Malaysia,u5mr,8.4,8.4,8.4,2023,A,UN IGME,
MYS,Malaysia,water,97.0,97.0,97.0,2023,A,WHO/UNICEF JMP,
MYS,Malaysia,y_unemp,12.0,11.4,12.6,2023,B,ILOSTAT,
MYS,Malaysia,youth_lit,99.0,99.0,99.0,2023,A,UNESCO UIS,
MLI,Mali,adol_fert,150.0,150.0,150.0,2023,A,UN Population Division / World Bank SP.ADO.TFRT,
MLI,Mali,child_labour,26.0,23.4,28.6,2023,B,ILO/UNICEF,
MLI,Mali,child_marriage,54.0,54.0,54.0,2023,A,UNICEF; DHS/MICS,
MLI,Mali,electricity,53.0,53.0,53.0,2023,A,World Bank / IEA,
MLI,Mali,hlo,297.34,279.5,315.18,2023,C,"Altinok, Angrist & Patrinos (2018) / World Bank HLO","Imputed by OLS on log(u5mr), youth_lit, lsec_comp, internet; R2=0.87"
MLI,Mali,homicide,10.0,10.0,10.0,2023,A,UNODC,
MLI,Mali,internet,34.0,34.0,34.0,2023,A,ITU / World Bank,
MLI,Mali,ladder,4.5,3.6,5.4,2023,C,Gallup World Poll via World Happiness Report,
MLI,Mali,lsec_comp,35.0,35.0,35.0,2023,A,UNESCO UIS,
MLI,Mali,mobile_bb,35.0,31.5,38.5,2023,B,ITU,
MLI,Mali,neet,35.0,33.25,36.75,2023,B,ILOSTAT / national LFS (PLFS for India),
MLI,Mali,neet_gap,20.0,19.0,21.0,2023,B,Derived from ILOSTAT / national LFS,
MLI,Mali,stunting,26.0,24.44,27.56,2023,A,UNICEF/WHO/World Bank JME (NFHS-5 for India),
MLI,Mali,suicide,8.0,8.0,8.0,2023,A,WHO Global Health Estimates; NCRB for India,
MLI,Mali,u5mr,91.0,91.0,91.0,2023,A,UN IGME,
MLI,Mali,water,80.0,80.0,80.0,2023,A,WHO/UNICEF JMP,
MLI,Mali,y_unemp,7.0,6.65,7.35,2023,B,ILOSTAT,
MLI,Mali,youth_lit,55.0,55.0,55.0,2023,A,UNESCO UIS,
MEX,Mexico,adol_fert,52.0,52.0,52.0,2023,A,UN Population Division / World Bank SP.ADO.TFRT,
MEX,Mexico,child_labour,5.0,4.5,5.5,2023,B,ILO/UNICEF,
MEX,Mexico,child_marriage,21.0,21.0,21.0,2023,A,UNICEF; DHS/MICS,
MEX,Mexico,electricity,100.0,100.0,100.0,2023,A,World Bank / IEA,
MEX,Mexico,hlo,443.36,430.06,456.66,2023,B,"Altinok, Angrist & Patrinos (2018) / World Bank HLO",
MEX,Mexico,homicide,25.0,25.0,25.0,2023,A,UNODC,
MEX,Mexico,internet,82.0,82.0,82.0,2023,A,ITU / World Bank,
MEX,Mexico,ladder,6.68,5.34,8.02,2023,C,Gallup World Poll via World Happiness Report,
MEX,Mexico,lsec_comp,72.0,72.0,72.0,2023,A,UNESCO UIS,
MEX,Mexico,mobile_bb,80.0,72.0,88.0,2023,B,ITU,
MEX,Mexico,neet,21.0,19.95,22.05,2023,B,ILOSTAT / national LFS (PLFS for India),
MEX,Mexico,neet_gap,15.0,14.25,15.75,2023,B,Derived from ILOSTAT / national LFS,
MEX,Mexico,stunting,12.0,11.28,12.72,2023,A,UNICEF/WHO/World Bank JME (NFHS-5 for India),
MEX,Mexico,suicide,6.2,6.2,6.2,2023,A,WHO Global Health Estimates; NCRB for India,
MEX,Mexico,u5mr,12.6,12.6,12.6,2023,A,UN IGME,
MEX,Mexico,water,99.0,99.0,99.0,2023,A,WHO/UNICEF JMP,
MEX,Mexico,y_unemp,7.0,6.65,7.35,2023,B,ILOSTAT,
MEX,Mexico,youth_lit,99.0,99.0,99.0,2023,A,UNESCO UIS,
MNG,Mongolia,adol_fert,25.0,25.0,25.0,2023,A,UN Population Division / World Bank SP.ADO.TFRT,
MNG,Mongolia,child_labour,20.0,18.0,22.0,2023,B,ILO/UNICEF,
MNG,Mongolia,child_marriage,12.0,12.0,12.0,2023,A,UNICEF; DHS/MICS,
MNG,Mongolia,electricity,100.0,100.0,100.0,2023,A,World Bank / IEA,
MNG,Mongolia,hlo,438.28,425.13,451.43,2023,B,"Altinok, Angrist & Patrinos (2018) / World Bank HLO",
MNG,Mongolia,homicide,7.0,7.0,7.0,2023,A,UNODC,
MNG,Mongolia,internet,84.0,84.0,84.0,2023,A,ITU / World Bank,
MNG,Mongolia,ladder,5.7,4.56,6.84,2023,C,Gallup World Poll via World Happiness Report,
MNG,Mongolia,lsec_comp,90.0,90.0,90.0,2023,A,UNESCO UIS,
MNG,Mongolia,mobile_bb,110.0,99.0,121.0,2023,B,ITU,
MNG,Mongolia,neet,18.0,17.1,18.9,2023,B,ILOSTAT / national LFS (PLFS for India),
MNG,Mongolia,neet_gap,10.0,9.5,10.5,2023,B,Derived from ILOSTAT / national LFS,
MNG,Mongolia,stunting,7.0,6.58,7.42,2023,A,UNICEF/WHO/World Bank JME (NFHS-5 for India),
MNG,Mongolia,suicide,13.0,13.0,13.0,2023,A,WHO Global Health Estimates; NCRB for India,
MNG,Mongolia,u5mr,15.0,15.0,15.0,2023,A,UN IGME,
MNG,Mongolia,water,86.0,86.0,86.0,2023,A,WHO/UNICEF JMP,
MNG,Mongolia,y_unemp,8.0,7.6,8.4,2023,B,ILOSTAT,
MNG,Mongolia,youth_lit,99.0,99.0,99.0,2023,A,UNESCO UIS,
MAR,Morocco,adol_fert,20.0,20.0,20.0,2023,A,UN Population Division / World Bank SP.ADO.TFRT,
MAR,Morocco,child_labour,5.0,4.5,5.5,2023,B,ILO/UNICEF,
MAR,Morocco,child_marriage,14.0,14.0,14.0,2023,A,UNICEF; DHS/MICS,
MAR,Morocco,electricity,100.0,100.0,100.0,2023,A,World Bank / IEA,
MAR,Morocco,hlo,380.75,369.33,392.17,2023,B,"Altinok, Angrist & Patrinos (2018) / World Bank HLO",
MAR,Morocco,homicide,1.5,1.5,1.5,2023,A,UNODC,
MAR,Morocco,internet,88.0,88.0,88.0,2023,A,ITU / World Bank,
MAR,Morocco,ladder,4.9,3.92,5.88,2023,C,Gallup World Poll via World Happiness Report,
MAR,Morocco,lsec_comp,65.0,65.0,65.0,2023,A,UNESCO UIS,
MAR,Morocco,mobile_bb,90.0,81.0,99.0,2023,B,ITU,
MAR,Morocco,neet,25.0,23.75,26.25,2023,B,ILOSTAT / national LFS (PLFS for India),
MAR,Morocco,neet_gap,25.0,23.75,26.25,2023,B,Derived from ILOSTAT / national LFS,
MAR,Morocco,stunting,15.0,14.1,15.9,2023,A,UNICEF/WHO/World Bank JME (NFHS-5 for India),
MAR,Morocco,suicide,3.0,3.0,3.0,2023,A,WHO Global Health Estimates; NCRB for India,
MAR,Morocco,u5mr,17.0,17.0,17.0,2023,A,UN IGME,
MAR,Morocco,water,90.0,90.0,90.0,2023,A,WHO/UNICEF JMP,
MAR,Morocco,y_unemp,22.0,20.9,23.1,2023,B,ILOSTAT,
MAR,Morocco,youth_lit,98.0,98.0,98.0,2023,A,UNESCO UIS,
MOZ,Mozambique,adol_fert,145.0,145.0,145.0,2023,A,UN Population Division / World Bank SP.ADO.TFRT,
MOZ,Mozambique,child_labour,22.0,19.8,24.2,2023,B,ILO/UNICEF,
MOZ,Mozambique,child_marriage,53.0,53.0,53.0,2023,A,UNICEF; DHS/MICS,
MOZ,Mozambique,electricity,32.0,32.0,32.0,2023,A,World Bank / IEA,
MOZ,Mozambique,hlo,322.74,313.06,332.42,2023,B,"Altinok, Angrist & Patrinos (2018) / World Bank HLO",
MOZ,Mozambique,homicide,6.0,6.0,6.0,2023,A,UNODC,
MOZ,Mozambique,internet,20.0,20.0,20.0,2023,A,ITU / World Bank,
MOZ,Mozambique,ladder,4.2,3.36,5.04,2023,C,Gallup World Poll via World Happiness Report,
MOZ,Mozambique,lsec_comp,40.0,40.0,40.0,2023,A,UNESCO UIS,
MOZ,Mozambique,mobile_bb,25.0,22.5,27.5,2023,B,ITU,
MOZ,Mozambique,neet,30.0,28.5,31.5,2023,B,ILOSTAT / national LFS (PLFS for India),
MOZ,Mozambique,neet_gap,15.0,14.25,15.75,2023,B,Derived from ILOSTAT / national LFS,
MOZ,Mozambique,stunting,38.0,35.72,40.28,2023,A,UNICEF/WHO/World Bank JME (NFHS-5 for India),
MOZ,Mozambique,suicide,10.0,10.0,10.0,2023,A,WHO Global Health Estimates; NCRB for India,
MOZ,Mozambique,u5mr,70.0,70.0,70.0,2023,A,UN IGME,
MOZ,Mozambique,water,63.0,63.0,63.0,2023,A,WHO/UNICEF JMP,
MOZ,Mozambique,y_unemp,4.0,3.8,4.2,2023,B,ILOSTAT,
MOZ,Mozambique,youth_lit,80.0,80.0,80.0,2023,A,UNESCO UIS,
MMR,Myanmar,adol_fert,32.0,32.0,32.0,2023,A,UN Population Division / World Bank SP.ADO.TFRT,
MMR,Myanmar,child_labour,11.0,9.9,12.1,2023,B,ILO/UNICEF,
MMR,Myanmar,child_marriage,16.0,16.0,16.0,2023,A,UNICEF; DHS/MICS,
MMR,Myanmar,electricity,73.0,73.0,73.0,2023,A,World Bank / IEA,
MMR,Myanmar,hlo,350.31,329.29,371.33,2023,C,"Altinok, Angrist & Patrinos (2018) / World Bank HLO","Imputed by OLS on log(u5mr), youth_lit, lsec_comp, internet; R2=0.87"
MMR,Myanmar,homicide,4.0,4.0,4.0,2023,A,UNODC,
MMR,Myanmar,internet,44.0,44.0,44.0,2023,A,ITU / World Bank,
MMR,Myanmar,ladder,4.37,3.5,5.24,2023,C,Gallup World Poll via World Happiness Report,
MMR,Myanmar,lsec_comp,55.0,55.0,55.0,2023,A,UNESCO UIS,
MMR,Myanmar,mobile_bb,40.0,36.0,44.0,2023,B,ITU,
MMR,Myanmar,neet,20.0,19.0,21.0,2023,B,ILOSTAT / national LFS (PLFS for India),
MMR,Myanmar,neet_gap,15.0,14.25,15.75,2023,B,Derived from ILOSTAT / national LFS,
MMR,Myanmar,stunting,25.2,23.69,26.71,2023,A,UNICEF/WHO/World Bank JME (NFHS-5 for India),
MMR,Myanmar,suicide,7.0,7.0,7.0,2023,A,WHO Global Health Estimates; NCRB for India,
MMR,Myanmar,u5mr,41.0,41.0,41.0,2023,A,UN IGME,
MMR,Myanmar,water,84.0,84.0,84.0,2023,A,WHO/UNICEF JMP,
MMR,Myanmar,y_unemp,3.0,2.85,3.15,2023,B,ILOSTAT,
MMR,Myanmar,youth_lit,88.0,88.0,88.0,2023,A,UNESCO UIS,
NAM,Namibia,adol_fert,60.0,60.0,60.0,2023,A,UN Population Division / World Bank SP.ADO.TFRT,
NAM,Namibia,child_labour,7.0,6.3,7.7,2023,B,ILO/UNICEF,
NAM,Namibia,child_marriage,7.0,7.0,7.0,2023,A,UNICEF; DHS/MICS,
NAM,Namibia,electricity,56.0,56.0,56.0,2023,A,World Bank / IEA,
NAM,Namibia,hlo,325.14,315.39,334.89,2023,B,"Altinok, Angrist & Patrinos (2018) / World Bank HLO",
NAM,Namibia,homicide,10.0,10.0,10.0,2023,A,UNODC,
NAM,Namibia,internet,62.0,62.0,62.0,2023,A,ITU / World Bank,
NAM,Namibia,ladder,4.6,3.68,5.52,2023,C,Gallup World Poll via World Happiness Report,
NAM,Namibia,lsec_comp,65.0,65.0,65.0,2023,A,UNESCO UIS,
NAM,Namibia,mobile_bb,70.0,63.0,77.0,2023,B,ITU,
NAM,Namibia,neet,32.0,30.4,33.6,2023,B,ILOSTAT / national LFS (PLFS for India),
NAM,Namibia,neet_gap,10.0,9.5,10.5,2023,B,Derived from ILOSTAT / national LFS,
NAM,Namibia,stunting,18.0,16.92,19.08,2023,A,UNICEF/WHO/World Bank JME (NFHS-5 for India),
NAM,Namibia,suicide,15.0,15.0,15.0,2023,A,WHO Global Health Estimates; NCRB for India,
NAM,Namibia,u5mr,39.0,39.0,39.0,2023,A,UN IGME,
NAM,Namibia,water,85.0,85.0,85.0,2023,A,WHO/UNICEF JMP,
NAM,Namibia,y_unemp,35.0,33.25,36.75,2023,B,ILOSTAT,
NAM,Namibia,youth_lit,96.0,96.0,96.0,2023,A,UNESCO UIS,
NPL,Nepal,adol_fert,63.0,63.0,63.0,2023,A,UN Population Division / World Bank SP.ADO.TFRT,
NPL,Nepal,child_labour,37.0,33.3,40.7,2023,B,ILO/UNICEF,
NPL,Nepal,child_marriage,33.0,33.0,33.0,2023,A,UNICEF; DHS/MICS,
NPL,Nepal,electricity,95.0,95.0,95.0,2023,A,World Bank / IEA,
NPL,Nepal,hlo,391.74,368.24,415.24,2023,C,"Altinok, Angrist & Patrinos (2018) / World Bank HLO","Imputed by OLS on log(u5mr), youth_lit, lsec_comp, internet; R2=0.87"
NPL,Nepal,homicide,2.2,2.2,2.2,2023,A,UNODC,
NPL,Nepal,internet,55.0,55.0,55.0,2023,A,ITU / World Bank,
NPL,Nepal,ladder,5.31,4.25,6.37,2023,C,Gallup World Poll via World Happiness Report,
NPL,Nepal,lsec_comp,70.0,70.0,70.0,2023,A,UNESCO UIS,
NPL,Nepal,mobile_bb,60.0,54.0,66.0,2023,B,ITU,
NPL,Nepal,neet,33.0,31.35,34.65,2023,B,ILOSTAT / national LFS (PLFS for India),
NPL,Nepal,neet_gap,25.0,23.75,26.25,2023,B,Derived from ILOSTAT / national LFS,
NPL,Nepal,stunting,25.0,23.5,26.5,2023,A,UNICEF/WHO/World Bank JME (NFHS-5 for India),
NPL,Nepal,suicide,9.0,9.0,9.0,2023,A,WHO Global Health Estimates; NCRB for India,
NPL,Nepal,u5mr,26.0,26.0,26.0,2023,A,UN IGME,
NPL,Nepal,water,95.0,95.0,95.0,2023,A,WHO/UNICEF JMP,
NPL,Nepal,y_unemp,4.0,3.8,4.2,2023,B,ILOSTAT,
NPL,Nepal,youth_lit,93.0,93.0,93.0,2023,A,UNESCO UIS,
NLD,Netherlands,adol_fert,2.5,2.5,2.5,2023,A,UN Population Division / World Bank SP.ADO.TFRT,
NLD,Netherlands,child_labour,0.0,0.0,0.0,2023,B,ILO/UNICEF,
NLD,Netherlands,child_marriage,0.2,0.2,0.2,2023,A,UNICEF; DHS/MICS,
NLD,Netherlands,electricity,100.0,100.0,100.0,2023,A,World Bank / IEA,
NLD,Netherlands,hlo,530.27,514.36,546.18,2023,B,"Altinok, Angrist & Patrinos (2018) / World Bank HLO",
NLD,Netherlands,homicide,0.6,0.6,0.6,2023,A,UNODC,
NLD,Netherlands,internet,99.0,99.0,99.0,2023,A,ITU / World Bank,
NLD,Netherlands,ladder,7.32,5.86,8.78,2023,C,Gallup World Poll via World Happiness Report,
NLD,Netherlands,lsec_comp,98.0,98.0,98.0,2023,A,UNESCO UIS,
NLD,Netherlands,mobile_bb,130.0,117.0,143.0,2023,B,ITU,
NLD,Netherlands,neet,4.5,4.27,4.73,2023,B,ILOSTAT / national LFS (PLFS for India),
NLD,Netherlands,neet_gap,0.3,0.28,0.32,2023,B,Derived from ILOSTAT / national LFS,
NLD,Netherlands,stunting,1.6,1.5,1.7,2023,A,UNICEF/WHO/World Bank JME (NFHS-5 for India),
NLD,Netherlands,suicide,10.2,10.2,10.2,2023,A,WHO Global Health Estimates; NCRB for India,
NLD,Netherlands,u5mr,3.9,3.9,3.9,2023,A,UN IGME,
NLD,Netherlands,water,100.0,100.0,100.0,2023,A,WHO/UNICEF JMP,
NLD,Netherlands,y_unemp,9.0,8.55,9.45,2023,B,ILOSTAT,
NLD,Netherlands,youth_lit,100.0,100.0,100.0,2023,A,UNESCO UIS,
NZL,New Zealand,adol_fert,11.0,11.0,11.0,2023,A,UN Population Division / World Bank SP.ADO.TFRT,
NZL,New Zealand,child_labour,0.0,0.0,0.0,2023,B,ILO/UNICEF,
NZL,New Zealand,child_marriage,0.2,0.2,0.2,2023,A,UNICEF; DHS/MICS,
NZL,New Zealand,electricity,100.0,100.0,100.0,2023,A,World Bank / IEA,
NZL,New Zealand,hlo,492.69,477.91,507.47,2023,B,"Altinok, Angrist & Patrinos (2018) / World Bank HLO",
NZL,New Zealand,homicide,1.3,1.3,1.3,2023,A,UNODC,
NZL,New Zealand,internet,96.0,96.0,96.0,2023,A,ITU / World Bank,
NZL,New Zealand,ladder,7.02,5.62,8.42,2023,C,Gallup World Poll via World Happiness Report,
NZL,New Zealand,lsec_comp,94.0,94.0,94.0,2023,A,UNESCO UIS,
NZL,New Zealand,mobile_bb,110.0,99.0,121.0,2023,B,ITU,
NZL,New Zealand,neet,11.0,10.45,11.55,2023,B,ILOSTAT / national LFS (PLFS for India),
NZL,New Zealand,neet_gap,2.0,1.9,2.1,2023,B,Derived from ILOSTAT / national LFS,
NZL,New Zealand,stunting,2.0,1.88,2.12,2023,A,UNICEF/WHO/World Bank JME (NFHS-5 for India),
NZL,New Zealand,suicide,11.0,11.0,11.0,2023,A,WHO Global Health Estimates; NCRB for India,
NZL,New Zealand,u5mr,4.4,4.4,4.4,2023,A,UN IGME,
NZL,New Zealand,water,100.0,100.0,100.0,2023,A,WHO/UNICEF JMP,
NZL,New Zealand,y_unemp,12.0,11.4,12.6,2023,B,ILOSTAT,
NZL,New Zealand,youth_lit,100.0,100.0,100.0,2023,A,UNESCO UIS,
NIC,Nicaragua,adol_fert,85.0,85.0,85.0,2023,A,UN Population Division / World Bank SP.ADO.TFRT,
NIC,Nicaragua,child_labour,14.0,12.6,15.4,2023,B,ILO/UNICEF,
NIC,Nicaragua,child_marriage,35.0,35.0,35.0,2023,A,UNICEF; DHS/MICS,
NIC,Nicaragua,electricity,90.0,90.0,90.0,2023,A,World Bank / IEA,
NIC,Nicaragua,hlo,365.66,354.69,376.63,2023,B,"Altinok, Angrist & Patrinos (2018) / World Bank HLO",
NIC,Nicaragua,homicide,7.0,7.0,7.0,2023,A,UNODC,
NIC,Nicaragua,internet,60.0,60.0,60.0,2023,A,ITU / World Bank,
NIC,Nicaragua,ladder,5.9,4.72,7.08,2023,C,Gallup World Poll via World Happiness Report,
NIC,Nicaragua,lsec_comp,55.0,55.0,55.0,2023,A,UNESCO UIS,
NIC,Nicaragua,mobile_bb,40.0,36.0,44.0,2023,B,ITU,
NIC,Nicaragua,neet,25.0,23.75,26.25,2023,B,ILOSTAT / national LFS (PLFS for India),
NIC,Nicaragua,neet_gap,20.0,19.0,21.0,2023,B,Derived from ILOSTAT / national LFS,
NIC,Nicaragua,stunting,15.0,14.1,15.9,2023,A,UNICEF/WHO/World Bank JME (NFHS-5 for India),
NIC,Nicaragua,suicide,4.0,4.0,4.0,2023,A,WHO Global Health Estimates; NCRB for India,
NIC,Nicaragua,u5mr,14.0,14.0,14.0,2023,A,UN IGME,
NIC,Nicaragua,water,84.0,84.0,84.0,2023,A,WHO/UNICEF JMP,
NIC,Nicaragua,y_unemp,10.0,9.5,10.5,2023,B,ILOSTAT,
NIC,Nicaragua,youth_lit,96.0,96.0,96.0,2023,A,UNESCO UIS,
NER,Niger,adol_fert,170.0,170.0,170.0,2023,A,UN Population Division / World Bank SP.ADO.TFRT,
NER,Niger,child_labour,31.0,27.9,34.1,2023,B,ILO/UNICEF,
NER,Niger,child_marriage,76.0,76.0,76.0,2023,A,UNICEF; DHS/MICS,
NER,Niger,electricity,19.0,19.0,19.0,2023,A,World Bank / IEA,
NER,Niger,hlo,284.21,267.16,301.27,2023,C,"Altinok, Angrist & Patrinos (2018) / World Bank HLO","Imputed by OLS on log(u5mr), youth_lit, lsec_comp, internet; R2=0.87"
NER,Niger,homicide,3.0,3.0,3.0,2023,A,UNODC,
NER,Niger,internet,22.0,22.0,22.0,2023,A,ITU / World Bank,
NER,Niger,ladder,4.5,3.6,5.4,2023,C,Gallup World Poll via World Happiness Report,
NER,Niger,lsec_comp,25.0,25.0,25.0,2023,A,UNESCO UIS,
NER,Niger,mobile_bb,20.0,18.0,22.0,2023,B,ITU,
NER,Niger,neet,40.0,38.0,42.0,2023,B,ILOSTAT / national LFS (PLFS for India),
NER,Niger,neet_gap,25.0,23.75,26.25,2023,B,Derived from ILOSTAT / national LFS,
NER,Niger,stunting,45.0,42.3,47.7,2023,A,UNICEF/WHO/World Bank JME (NFHS-5 for India),
NER,Niger,suicide,7.0,7.0,7.0,2023,A,WHO Global Health Estimates; NCRB for India,
NER,Niger,u5mr,110.0,110.0,110.0,2023,A,UN IGME,
NER,Niger,water,53.0,53.0,53.0,2023,A,WHO/UNICEF JMP,
NER,Niger,y_unemp,3.0,2.85,3.15,2023,B,ILOSTAT,
NER,Niger,youth_lit,45.0,45.0,45.0,2023,A,UNESCO UIS,
NGA,Nigeria,adol_fert,101.0,101.0,101.0,2023,A,UN Population Division / World Bank SP.ADO.TFRT,
NGA,Nigeria,child_labour,31.0,27.9,34.1,2023,B,ILO/UNICEF,
NGA,Nigeria,child_marriage,30.0,30.0,30.0,2023,A,UNICEF; DHS/MICS,
NGA,Nigeria,electricity,60.0,60.0,60.0,2023,A,World Bank / IEA,
NGA,Nigeria,hlo,293.07,275.49,310.66,2023,C,"Altinok, Angrist & Patrinos (2018) / World Bank HLO","Imputed by OLS on log(u5mr), youth_lit, lsec_comp, internet; R2=0.87"
NGA,Nigeria,homicide,21.7,21.7,21.7,2023,A,UNODC,
NGA,Nigeria,internet,45.0,45.0,45.0,2023,A,ITU / World Bank,
NGA,Nigeria,ladder,4.88,3.9,5.86,2023,C,Gallup World Poll via World Happiness Report,
NGA,Nigeria,lsec_comp,50.0,50.0,50.0,2023,A,UNESCO UIS,
NGA,Nigeria,mobile_bb,45.0,40.5,49.5,2023,B,ITU,
NGA,Nigeria,neet,35.0,33.25,36.75,2023,B,ILOSTAT / national LFS (PLFS for India),
NGA,Nigeria,neet_gap,15.0,14.25,15.75,2023,B,Derived from ILOSTAT / national LFS,
NGA,Nigeria,stunting,32.0,30.08,33.92,2023,A,UNICEF/WHO/World Bank JME (NFHS-5 for India),
NGA,Nigeria,suicide,6.0,6.0,6.0,2023,A,WHO Global Health Estimates; NCRB for India,
NGA,Nigeria,u5mr,107.0,107.0,107.0,2023,A,UN IGME,
NGA,Nigeria,water,78.0,78.0,78.0,2023,A,WHO/UNICEF JMP,
NGA,Nigeria,y_unemp,8.0,7.6,8.4,2023,B,ILOSTAT,
NGA,Nigeria,youth_lit,75.0,75.0,75.0,2023,A,UNESCO UIS,
NOR,Norway,adol_fert,2.3,2.3,2.3,2023,A,UN Population Division / World Bank SP.ADO.TFRT,
NOR,Norway,child_labour,0.0,0.0,0.0,2023,B,ILO/UNICEF,
NOR,Norway,child_marriage,0.2,0.2,0.2,2023,A,UNICEF; DHS/MICS,
NOR,Norway,electricity,100.0,100.0,100.0,2023,A,World Bank / IEA,
NOR,Norway,hlo,530.48,514.57,546.39,2023,B,"Altinok, Angrist & Patrinos (2018) / World Bank HLO",
NOR,Norway,homicide,0.5,0.5,0.5,2023,A,UNODC,
NOR,Norway,internet,99.0,99.0,99.0,2023,A,ITU / World Bank,
NOR,Norway,ladder,7.3,5.84,8.76,2023,C,Gallup World Poll via World Happiness Report,
NOR,Norway,lsec_comp,99.0,99.0,99.0,2023,A,UNESCO UIS,
NOR,Norway,mobile_bb,120.0,108.0,132.0,2023,B,ITU,
NOR,Norway,neet,6.5,6.17,6.83,2023,B,ILOSTAT / national LFS (PLFS for India),
NOR,Norway,neet_gap,0.5,0.47,0.53,2023,B,Derived from ILOSTAT / national LFS,
NOR,Norway,stunting,1.5,1.41,1.59,2023,A,UNICEF/WHO/World Bank JME (NFHS-5 for India),
NOR,Norway,suicide,11.8,11.8,11.8,2023,A,WHO Global Health Estimates; NCRB for India,
NOR,Norway,u5mr,2.2,2.2,2.2,2023,A,UN IGME,
NOR,Norway,water,100.0,100.0,100.0,2023,A,WHO/UNICEF JMP,
NOR,Norway,y_unemp,11.0,10.45,11.55,2023,B,ILOSTAT,
NOR,Norway,youth_lit,100.0,100.0,100.0,2023,A,UNESCO UIS,
PAK,Pakistan,adol_fert,40.0,40.0,40.0,2023,A,UN Population Division / World Bank SP.ADO.TFRT,
PAK,Pakistan,child_labour,11.0,9.9,12.1,2023,B,ILO/UNICEF,
PAK,Pakistan,child_marriage,18.0,18.0,18.0,2023,A,UNICEF; DHS/MICS,
PAK,Pakistan,electricity,95.0,95.0,95.0,2023,A,World Bank / IEA,
PAK,Pakistan,hlo,344.15,323.5,364.8,2023,C,"Altinok, Angrist & Patrinos (2018) / World Bank HLO","Imputed by OLS on log(u5mr), youth_lit, lsec_comp, internet; R2=0.87"
PAK,Pakistan,homicide,3.9,3.9,3.9,2023,A,UNODC,
PAK,Pakistan,internet,33.0,33.0,33.0,2023,A,ITU / World Bank,
PAK,Pakistan,ladder,4.66,3.73,5.59,2023,C,Gallup World Poll via World Happiness Report,
PAK,Pakistan,lsec_comp,55.0,55.0,55.0,2023,A,UNESCO UIS,
PAK,Pakistan,mobile_bb,50.0,45.0,55.0,2023,B,ITU,
PAK,Pakistan,neet,32.0,30.4,33.6,2023,B,ILOSTAT / national LFS (PLFS for India),
PAK,Pakistan,neet_gap,35.0,33.25,36.75,2023,B,Derived from ILOSTAT / national LFS,
PAK,Pakistan,stunting,37.6,35.34,39.86,2023,A,UNICEF/WHO/World Bank JME (NFHS-5 for India),
PAK,Pakistan,suicide,9.8,9.8,9.8,2023,A,WHO Global Health Estimates; NCRB for India,
PAK,Pakistan,u5mr,62.0,62.0,62.0,2023,A,UN IGME,
PAK,Pakistan,water,90.0,90.0,90.0,2023,A,WHO/UNICEF JMP,
PAK,Pakistan,y_unemp,9.0,8.55,9.45,2023,B,ILOSTAT,
PAK,Pakistan,youth_lit,73.0,73.0,73.0,2023,A,UNESCO UIS,
PNG,Papua New Guinea,adol_fert,55.0,55.0,55.0,2023,A,UN Population Division / World Bank SP.ADO.TFRT,
PNG,Papua New Guinea,child_labour,30.0,27.0,33.0,2023,B,ILO/UNICEF,
PNG,Papua New Guinea,child_marriage,27.0,27.0,27.0,2023,A,UNICEF; DHS/MICS,
PNG,Papua New Guinea,electricity,20.0,20.0,20.0,2023,A,World Bank / IEA,
PNG,Papua New Guinea,hlo,337.6,317.35,357.86,2023,C,"Altinok, Angrist & Patrinos (2018) / World Bank HLO","Imputed by OLS on log(u5mr), youth_lit, lsec_comp, internet; R2=0.87"
PNG,Papua New Guinea,homicide,7.0,7.0,7.0,2023,A,UNODC,
PNG,Papua New Guinea,internet,32.0,32.0,32.0,2023,A,ITU / World Bank,
PNG,Papua New Guinea,ladder,4.2,3.36,5.04,2023,C,Gallup World Poll via World Happiness Report,
PNG,Papua New Guinea,lsec_comp,35.0,35.0,35.0,2023,A,UNESCO UIS,
PNG,Papua New Guinea,mobile_bb,25.0,22.5,27.5,2023,B,ITU,
PNG,Papua New Guinea,neet,35.0,33.25,36.75,2023,B,ILOSTAT / national LFS (PLFS for India),
PNG,Papua New Guinea,neet_gap,15.0,14.25,15.75,2023,B,Derived from ILOSTAT / national LFS,
PNG,Papua New Guinea,stunting,48.0,45.12,50.88,2023,A,UNICEF/WHO/World Bank JME (NFHS-5 for India),
PNG,Papua New Guinea,suicide,7.0,7.0,7.0,2023,A,WHO Global Health Estimates; NCRB for India,
PNG,Papua New Guinea,u5mr,42.0,42.0,42.0,2023,A,UN IGME,
PNG,Papua New Guinea,water,45.0,45.0,45.0,2023,A,WHO/UNICEF JMP,
PNG,Papua New Guinea,y_unemp,4.0,3.8,4.2,2023,B,ILOSTAT,
PNG,Papua New Guinea,youth_lit,65.0,65.0,65.0,2023,A,UNESCO UIS,
PRY,Paraguay,adol_fert,60.0,60.0,60.0,2023,A,UN Population Division / World Bank SP.ADO.TFRT,
PRY,Paraguay,child_labour,15.0,13.5,16.5,2023,B,ILO/UNICEF,
PRY,Paraguay,child_marriage,22.0,22.0,22.0,2023,A,UNICEF; DHS/MICS,
PRY,Paraguay,electricity,100.0,100.0,100.0,2023,A,World Bank / IEA,
PRY,Paraguay,hlo,366.83,355.83,377.83,2023,B,"Altinok, Angrist & Patrinos (2018) / World Bank HLO",
PRY,Paraguay,homicide,7.0,7.0,7.0,2023,A,UNODC,
PRY,Paraguay,internet,75.0,75.0,75.0,2023,A,ITU / World Bank,
PRY,Paraguay,ladder,6.4,5.12,7.68,2023,C,Gallup World Poll via World Happiness Report,
PRY,Paraguay,lsec_comp,72.0,72.0,72.0,2023,A,UNESCO UIS,
PRY,Paraguay,mobile_bb,60.0,54.0,66.0,2023,B,ITU,
PRY,Paraguay,neet,20.0,19.0,21.0,2023,B,ILOSTAT / national LFS (PLFS for India),
PRY,Paraguay,neet_gap,15.0,14.25,15.75,2023,B,Derived from ILOSTAT / national LFS,
PRY,Paraguay,stunting,5.5,5.17,5.83,2023,A,UNICEF/WHO/World Bank JME (NFHS-5 for India),
PRY,Paraguay,suicide,9.0,9.0,9.0,2023,A,WHO Global Health Estimates; NCRB for India,
PRY,Paraguay,u5mr,18.0,18.0,18.0,2023,A,UN IGME,
PRY,Paraguay,water,95.0,95.0,95.0,2023,A,WHO/UNICEF JMP,
PRY,Paraguay,y_unemp,13.0,12.35,13.65,2023,B,ILOSTAT,
PRY,Paraguay,youth_lit,99.0,99.0,99.0,2023,A,UNESCO UIS,
PER,Peru,adol_fert,49.0,49.0,49.0,2023,A,UN Population Division / World Bank SP.ADO.TFRT,
PER,Peru,child_labour,17.0,15.3,18.7,2023,B,ILO/UNICEF,
PER,Peru,child_marriage,17.0,17.0,17.0,2023,A,UNICEF; DHS/MICS,
PER,Peru,electricity,96.0,96.0,96.0,2023,A,World Bank / IEA,
PER,Peru,hlo,419.49,406.91,432.07,2023,B,"Altinok, Angrist & Patrinos (2018) / World Bank HLO",
PER,Peru,homicide,7.5,7.5,7.5,2023,A,UNODC,
PER,Peru,internet,72.0,72.0,72.0,2023,A,ITU / World Bank,
PER,Peru,ladder,5.55,4.44,6.66,2023,C,Gallup World Poll via World Happiness Report,
PER,Peru,lsec_comp,84.0,84.0,84.0,2023,A,UNESCO UIS,
PER,Peru,mobile_bb,70.0,63.0,77.0,2023,B,ITU,
PER,Peru,neet,20.0,19.0,21.0,2023,B,ILOSTAT / national LFS (PLFS for India),
PER,Peru,neet_gap,9.0,8.55,9.45,2023,B,Derived from ILOSTAT / national LFS,
PER,Peru,stunting,11.0,10.34,11.66,2023,A,UNICEF/WHO/World Bank JME (NFHS-5 for India),
PER,Peru,suicide,5.5,5.5,5.5,2023,A,WHO Global Health Estimates; NCRB for India,
PER,Peru,u5mr,12.0,12.0,12.0,2023,A,UN IGME,
PER,Peru,water,93.0,93.0,93.0,2023,A,WHO/UNICEF JMP,
PER,Peru,y_unemp,13.0,12.35,13.65,2023,B,ILOSTAT,
PER,Peru,youth_lit,99.0,99.0,99.0,2023,A,UNESCO UIS,
PHL,Philippines,adol_fert,45.0,45.0,45.0,2023,A,UN Population Division / World Bank SP.ADO.TFRT,
PHL,Philippines,child_labour,10.0,9.0,11.0,2023,B,ILO/UNICEF,
PHL,Philippines,child_marriage,17.0,17.0,17.0,2023,A,UNICEF; DHS/MICS,
PHL,Philippines,electricity,97.0,97.0,97.0,2023,A,World Bank / IEA,
PHL,Philippines,hlo,367.48,356.46,378.5,2023,B,"Altinok, Angrist & Patrinos (2018) / World Bank HLO",
PHL,Philippines,homicide,4.5,4.5,4.5,2023,A,UNODC,
PHL,Philippines,internet,73.0,73.0,73.0,2023,A,ITU / World Bank,
PHL,Philippines,ladder,6.11,4.89,7.33,2023,C,Gallup World Poll via World Happiness Report,
PHL,Philippines,lsec_comp,80.0,80.0,80.0,2023,A,UNESCO UIS,
PHL,Philippines,mobile_bb,60.0,54.0,66.0,2023,B,ITU,
PHL,Philippines,neet,18.0,17.1,18.9,2023,B,ILOSTAT / national LFS (PLFS for India),
PHL,Philippines,neet_gap,8.0,7.6,8.4,2023,B,Derived from ILOSTAT / national LFS,
PHL,Philippines,stunting,26.7,25.1,28.3,2023,A,UNICEF/WHO/World Bank JME (NFHS-5 for India),
PHL,Philippines,suicide,3.7,3.7,3.7,2023,A,WHO Global Health Estimates; NCRB for India,
PHL,Philippines,u5mr,26.0,26.0,26.0,2023,A,UN IGME,
PHL,Philippines,water,94.0,94.0,94.0,2023,A,WHO/UNICEF JMP,
PHL,Philippines,y_unemp,7.0,6.65,7.35,2023,B,ILOSTAT,
PHL,Philippines,youth_lit,98.0,98.0,98.0,2023,A,UNESCO UIS,
POL,Poland,adol_fert,8.0,8.0,8.0,2023,A,UN Population Division / World Bank SP.ADO.TFRT,
POL,Poland,child_labour,0.0,0.0,0.0,2023,B,ILO/UNICEF,
POL,Poland,child_marriage,0.5,0.5,0.5,2023,A,UNICEF; DHS/MICS,
POL,Poland,electricity,100.0,100.0,100.0,2023,A,World Bank / IEA,
POL,Poland,hlo,528.84,512.97,544.71,2023,B,"Altinok, Angrist & Patrinos (2018) / World Bank HLO",
POL,Poland,homicide,0.7,0.7,0.7,2023,A,UNODC,
POL,Poland,internet,88.0,88.0,88.0,2023,A,ITU / World Bank,
POL,Poland,ladder,6.44,5.15,7.73,2023,C,Gallup World Poll via World Happiness Report,
POL,Poland,lsec_comp,96.0,96.0,96.0,2023,A,UNESCO UIS,
POL,Poland,mobile_bb,90.0,81.0,99.0,2023,B,ITU,
POL,Poland,neet,11.0,10.45,11.55,2023,B,ILOSTAT / national LFS (PLFS for India),
POL,Poland,neet_gap,3.0,2.85,3.15,2023,B,Derived from ILOSTAT / national LFS,
POL,Poland,stunting,2.5,2.35,2.65,2023,A,UNICEF/WHO/World Bank JME (NFHS-5 for India),
POL,Poland,suicide,11.5,11.5,11.5,2023,A,WHO Global Health Estimates; NCRB for India,
POL,Poland,u5mr,4.0,4.0,4.0,2023,A,UN IGME,
POL,Poland,water,100.0,100.0,100.0,2023,A,WHO/UNICEF JMP,
POL,Poland,y_unemp,12.0,11.4,12.6,2023,B,ILOSTAT,
POL,Poland,youth_lit,100.0,100.0,100.0,2023,A,UNESCO UIS,
PRT,Portugal,adol_fert,6.0,6.0,6.0,2023,A,UN Population Division / World Bank SP.ADO.TFRT,
PRT,Portugal,child_labour,0.0,0.0,0.0,2023,B,ILO/UNICEF,
PRT,Portugal,child_marriage,0.2,0.2,0.2,2023,A,UNICEF; DHS/MICS,
PRT,Portugal,electricity,100.0,100.0,100.0,2023,A,World Bank / IEA,
PRT,Portugal,hlo,525.21,509.45,540.97,2023,B,"Altinok, Angrist & Patrinos (2018) / World Bank HLO",
PRT,Portugal,homicide,0.9,0.9,0.9,2023,A,UNODC,
PRT,Portugal,internet,88.0,88.0,88.0,2023,A,ITU / World Bank,
PRT,Portugal,ladder,6.13,4.9,7.36,2023,C,Gallup World Poll via World Happiness Report,
PRT,Portugal,lsec_comp,92.0,92.0,92.0,2023,A,UNESCO UIS,
PRT,Portugal,mobile_bb,90.0,81.0,99.0,2023,B,ITU,
PRT,Portugal,neet,10.0,9.5,10.5,2023,B,ILOSTAT / national LFS (PLFS for India),
PRT,Portugal,neet_gap,1.5,1.42,1.58,2023,B,Derived from ILOSTAT / national LFS,
PRT,Portugal,stunting,2.5,2.35,2.65,2023,A,UNICEF/WHO/World Bank JME (NFHS-5 for India),
PRT,Portugal,suicide,12.0,12.0,12.0,2023,A,WHO Global Health Estimates; NCRB for India,
PRT,Portugal,u5mr,3.2,3.2,3.2,2023,A,UN IGME,
PRT,Portugal,water,100.0,100.0,100.0,2023,A,WHO/UNICEF JMP,
PRT,Portugal,y_unemp,21.0,19.95,22.05,2023,B,ILOSTAT,
PRT,Portugal,youth_lit,99.0,99.0,99.0,2023,A,UNESCO UIS,
ROU,Romania,adol_fert,34.0,34.0,34.0,2023,A,UN Population Division / World Bank SP.ADO.TFRT,
ROU,Romania,child_labour,1.0,0.9,1.1,2023,B,ILO/UNICEF,
ROU,Romania,child_marriage,3.0,3.0,3.0,2023,A,UNICEF; DHS/MICS,
ROU,Romania,electricity,100.0,100.0,100.0,2023,A,World Bank / IEA,
ROU,Romania,hlo,469.42,455.34,483.5,2023,B,"Altinok, Angrist & Patrinos (2018) / World Bank HLO",
ROU,Romania,homicide,1.5,1.5,1.5,2023,A,UNODC,
ROU,Romania,internet,89.0,89.0,89.0,2023,A,ITU / World Bank,
ROU,Romania,ladder,6.49,5.19,7.79,2023,C,Gallup World Poll via World Happiness Report,
ROU,Romania,lsec_comp,88.0,88.0,88.0,2023,A,UNESCO UIS,
ROU,Romania,mobile_bb,100.0,90.0,110.0,2023,B,ITU,
ROU,Romania,neet,19.0,18.05,19.95,2023,B,ILOSTAT / national LFS (PLFS for India),
ROU,Romania,neet_gap,6.0,5.7,6.3,2023,B,Derived from ILOSTAT / national LFS,
ROU,Romania,stunting,8.0,7.52,8.48,2023,A,UNICEF/WHO/World Bank JME (NFHS-5 for India),
ROU,Romania,suicide,9.5,9.5,9.5,2023,A,WHO Global Health Estimates; NCRB for India,
ROU,Romania,u5mr,6.0,6.0,6.0,2023,A,UN IGME,
ROU,Romania,water,98.0,98.0,98.0,2023,A,WHO/UNICEF JMP,
ROU,Romania,y_unemp,21.0,19.95,22.05,2023,B,ILOSTAT,
ROU,Romania,youth_lit,99.0,99.0,99.0,2023,A,UNESCO UIS,
RUS,Russia,adol_fert,16.0,16.0,16.0,2023,A,UN Population Division / World Bank SP.ADO.TFRT,
RUS,Russia,child_labour,0.5,0.45,0.55,2023,B,ILO/UNICEF,
RUS,Russia,child_marriage,1.0,1.0,1.0,2023,A,UNICEF; DHS/MICS,
RUS,Russia,electricity,100.0,100.0,100.0,2023,A,World Bank / IEA,
RUS,Russia,hlo,551.63,535.08,568.18,2023,B,"Altinok, Angrist & Patrinos (2018) / World Bank HLO",
RUS,Russia,homicide,7.0,7.0,7.0,2023,A,UNODC,
RUS,Russia,internet,90.0,90.0,90.0,2023,A,ITU / World Bank,
RUS,Russia,ladder,5.79,4.63,6.95,2023,C,Gallup World Poll via World Happiness Report,
RUS,Russia,lsec_comp,95.0,95.0,95.0,2023,A,UNESCO UIS,
RUS,Russia,mobile_bb,110.0,99.0,121.0,2023,B,ITU,
RUS,Russia,neet,12.5,11.88,13.12,2023,B,ILOSTAT / national LFS (PLFS for India),
RUS,Russia,neet_gap,4.0,3.8,4.2,2023,B,Derived from ILOSTAT / national LFS,
RUS,Russia,stunting,3.0,2.82,3.18,2023,A,UNICEF/WHO/World Bank JME (NFHS-5 for India),
RUS,Russia,suicide,21.6,21.6,21.6,2023,A,WHO Global Health Estimates; NCRB for India,
RUS,Russia,u5mr,4.7,4.7,4.7,2023,A,UN IGME,
RUS,Russia,water,97.0,97.0,97.0,2023,A,WHO/UNICEF JMP,
RUS,Russia,y_unemp,14.0,13.3,14.7,2023,B,ILOSTAT,
RUS,Russia,youth_lit,100.0,100.0,100.0,2023,A,UNESCO UIS,
RWA,Rwanda,adol_fert,35.0,35.0,35.0,2023,A,UN Population Division / World Bank SP.ADO.TFRT,
RWA,Rwanda,child_labour,19.0,17.1,20.9,2023,B,ILO/UNICEF,
RWA,Rwanda,child_marriage,7.0,7.0,7.0,2023,A,UNICEF; DHS/MICS,
RWA,Rwanda,electricity,52.0,52.0,52.0,2023,A,World Bank / IEA,
RWA,Rwanda,hlo,346.68,325.88,367.48,2023,C,"Altinok, Angrist & Patrinos (2018) / World Bank HLO","Imputed by OLS on log(u5mr), youth_lit, lsec_comp, internet; R2=0.87"
RWA,Rwanda,homicide,2.5,2.5,2.5,2023,A,UNODC,
RWA,Rwanda,internet,32.0,32.0,32.0,2023,A,ITU / World Bank,
RWA,Rwanda,ladder,3.3,2.64,3.96,2023,C,Gallup World Poll via World Happiness Report,
RWA,Rwanda,lsec_comp,45.0,45.0,45.0,2023,A,UNESCO UIS,
RWA,Rwanda,mobile_bb,40.0,36.0,44.0,2023,B,ITU,
RWA,Rwanda,neet,20.0,19.0,21.0,2023,B,ILOSTAT / national LFS (PLFS for India),
RWA,Rwanda,neet_gap,10.0,9.5,10.5,2023,B,Derived from ILOSTAT / national LFS,
RWA,Rwanda,stunting,33.0,31.02,34.98,2023,A,UNICEF/WHO/World Bank JME (NFHS-5 for India),
RWA,Rwanda,suicide,8.0,8.0,8.0,2023,A,WHO Global Health Estimates; NCRB for India,
RWA,Rwanda,u5mr,39.0,39.0,39.0,2023,A,UN IGME,
RWA,Rwanda,water,65.0,65.0,65.0,2023,A,WHO/UNICEF JMP,
RWA,Rwanda,y_unemp,10.0,9.5,10.5,2023,B,ILOSTAT,
RWA,Rwanda,youth_lit,85.0,85.0,85.0,2023,A,UNESCO UIS,
SAU,Saudi Arabia,adol_fert,8.0,8.0,8.0,2023,A,UN Population Division / World Bank SP.ADO.TFRT,
SAU,Saudi Arabia,child_labour,0.0,0.0,0.0,2023,B,ILO/UNICEF,
SAU,Saudi Arabia,child_marriage,3.0,3.0,3.0,2023,A,UNICEF; DHS/MICS,
SAU,Saudi Arabia,electricity,100.0,100.0,100.0,2023,A,World Bank / IEA,
SAU,Saudi Arabia,hlo,375.6,364.33,386.87,2023,B,"Altinok, Angrist & Patrinos (2018) / World Bank HLO",
SAU,Saudi Arabia,homicide,1.2,1.2,1.2,2023,A,UNODC,
SAU,Saudi Arabia,internet,100.0,100.0,100.0,2023,A,ITU / World Bank,
SAU,Saudi Arabia,ladder,6.59,5.27,7.91,2023,C,Gallup World Poll via World Happiness Report,
SAU,Saudi Arabia,lsec_comp,92.0,92.0,92.0,2023,A,UNESCO UIS,
SAU,Saudi Arabia,mobile_bb,120.0,108.0,132.0,2023,B,ITU,
SAU,Saudi Arabia,neet,20.0,19.0,21.0,2023,B,ILOSTAT / national LFS (PLFS for India),
SAU,Saudi Arabia,neet_gap,15.0,14.25,15.75,2023,B,Derived from ILOSTAT / national LFS,
SAU,Saudi Arabia,stunting,4.0,3.76,4.24,2023,A,UNICEF/WHO/World Bank JME (NFHS-5 for India),
SAU,Saudi Arabia,suicide,4.0,4.0,4.0,2023,A,WHO Global Health Estimates; NCRB for India,
SAU,Saudi Arabia,u5mr,6.7,6.7,6.7,2023,A,UN IGME,
SAU,Saudi Arabia,water,100.0,100.0,100.0,2023,A,WHO/UNICEF JMP,
SAU,Saudi Arabia,y_unemp,17.0,16.15,17.85,2023,B,ILOSTAT,
SAU,Saudi Arabia,youth_lit,99.0,99.0,99.0,2023,A,UNESCO UIS,
SEN,Senegal,adol_fert,68.0,68.0,68.0,2023,A,UN Population Division / World Bank SP.ADO.TFRT,
SEN,Senegal,child_labour,22.0,19.8,24.2,2023,B,ILO/UNICEF,
SEN,Senegal,child_marriage,31.0,31.0,31.0,2023,A,UNICEF; DHS/MICS,
SEN,Senegal,electricity,70.0,70.0,70.0,2023,A,World Bank / IEA,
SEN,Senegal,hlo,319.54,309.95,329.13,2023,B,"Altinok, Angrist & Patrinos (2018) / World Bank HLO",
SEN,Senegal,homicide,2.5,2.5,2.5,2023,A,UNODC,
SEN,Senegal,internet,60.0,60.0,60.0,2023,A,ITU / World Bank,
SEN,Senegal,ladder,5.2,4.16,6.24,2023,C,Gallup World Poll via World Happiness Report,
SEN,Senegal,lsec_comp,45.0,45.0,45.0,2023,A,UNESCO UIS,
SEN,Senegal,mobile_bb,70.0,63.0,77.0,2023,B,ITU,
SEN,Senegal,neet,25.0,23.75,26.25,2023,B,ILOSTAT / national LFS (PLFS for India),
SEN,Senegal,neet_gap,15.0,14.25,15.75,2023,B,Derived from ILOSTAT / national LFS,
SEN,Senegal,stunting,17.0,15.98,18.02,2023,A,UNICEF/WHO/World Bank JME (NFHS-5 for India),
SEN,Senegal,suicide,7.0,7.0,7.0,2023,A,WHO Global Health Estimates; NCRB for India,
SEN,Senegal,u5mr,37.0,37.0,37.0,2023,A,UN IGME,
SEN,Senegal,water,85.0,85.0,85.0,2023,A,WHO/UNICEF JMP,
SEN,Senegal,y_unemp,4.0,3.8,4.2,2023,B,ILOSTAT,
SEN,Senegal,youth_lit,72.0,72.0,72.0,2023,A,UNESCO UIS,
SRB,Serbia,adol_fert,15.0,15.0,15.0,2023,A,UN Population Division / World Bank SP.ADO.TFRT,
SRB,Serbia,child_labour,5.0,4.5,5.5,2023,B,ILO/UNICEF,
SRB,Serbia,child_marriage,3.0,3.0,3.0,2023,A,UNICEF; DHS/MICS,
SRB,Serbia,electricity,100.0,100.0,100.0,2023,A,World Bank / IEA,
SRB,Serbia,hlo,512.22,496.85,527.59,2023,B,"Altinok, Angrist & Patrinos (2018) / World Bank HLO",
SRB,Serbia,homicide,1.1,1.1,1.1,2023,A,UNODC,
SRB,Serbia,internet,84.0,84.0,84.0,2023,A,ITU / World Bank,
SRB,Serbia,ladder,6.18,4.94,7.42,2023,C,Gallup World Poll via World Happiness Report,
SRB,Serbia,lsec_comp,93.0,93.0,93.0,2023,A,UNESCO UIS,
SRB,Serbia,mobile_bb,80.0,72.0,88.0,2023,B,ITU,
SRB,Serbia,neet,17.0,16.15,17.85,2023,B,ILOSTAT / national LFS (PLFS for India),
SRB,Serbia,neet_gap,4.0,3.8,4.2,2023,B,Derived from ILOSTAT / national LFS,
SRB,Serbia,stunting,4.5,4.23,4.77,2023,A,UNICEF/WHO/World Bank JME (NFHS-5 for India),
SRB,Serbia,suicide,10.0,10.0,10.0,2023,A,WHO Global Health Estimates; NCRB for India,
SRB,Serbia,u5mr,5.5,5.5,5.5,2023,A,UN IGME,
SRB,Serbia,water,95.0,95.0,95.0,2023,A,WHO/UNICEF JMP,
SRB,Serbia,y_unemp,25.0,23.75,26.25,2023,B,ILOSTAT,
SRB,Serbia,youth_lit,99.0,99.0,99.0,2023,A,UNESCO UIS,
SGP,Singapore,adol_fert,2.5,2.5,2.5,2023,A,UN Population Division / World Bank SP.ADO.TFRT,
SGP,Singapore,child_labour,0.0,0.0,0.0,2023,B,ILO/UNICEF,
SGP,Singapore,child_marriage,0.2,0.2,0.2,2023,A,UNICEF; DHS/MICS,
SGP,Singapore,electricity,100.0,100.0,100.0,2023,A,World Bank / IEA,
SGP,Singapore,hlo,619.17,600.59,637.75,2023,B,"Altinok, Angrist & Patrinos (2018) / World Bank HLO",
SGP,Singapore,homicide,0.2,0.2,0.2,2023,A,UNODC,
SGP,Singapore,internet,96.0,96.0,96.0,2023,A,ITU / World Bank,
SGP,Singapore,ladder,6.52,5.22,7.82,2023,C,Gallup World Poll via World Happiness Report,
SGP,Singapore,lsec_comp,98.0,98.0,98.0,2023,A,UNESCO UIS,
SGP,Singapore,mobile_bb,160.0,144.0,176.0,2023,B,ITU,
SGP,Singapore,neet,5.0,4.75,5.25,2023,B,ILOSTAT / national LFS (PLFS for India),
SGP,Singapore,neet_gap,1.0,0.95,1.05,2023,B,Derived from ILOSTAT / national LFS,
SGP,Singapore,stunting,2.5,2.35,2.65,2023,A,UNICEF/WHO/World Bank JME (NFHS-5 for India),
SGP,Singapore,suicide,9.0,9.0,9.0,2023,A,WHO Global Health Estimates; NCRB for India,
SGP,Singapore,u5mr,2.1,2.1,2.1,2023,A,UN IGME,
SGP,Singapore,water,100.0,100.0,100.0,2023,A,WHO/UNICEF JMP,
SGP,Singapore,y_unemp,7.0,6.65,7.35,2023,B,ILOSTAT,
SGP,Singapore,youth_lit,100.0,100.0,100.0,2023,A,UNESCO UIS,
SVN,Slovenia,adol_fert,4.0,4.0,4.0,2023,A,UN Population Division / World Bank SP.ADO.TFRT,
SVN,Slovenia,child_labour,0.0,0.0,0.0,2023,B,ILO/UNICEF,
SVN,Slovenia,child_marriage,0.5,0.5,0.5,2023,A,UNICEF; DHS/MICS,
SVN,Slovenia,electricity,100.0,100.0,100.0,2023,A,World Bank / IEA,
SVN,Slovenia,hlo,518.04,502.5,533.58,2023,B,"Altinok, Angrist & Patrinos (2018) / World Bank HLO",
SVN,Slovenia,homicide,0.6,0.6,0.6,2023,A,UNODC,
SVN,Slovenia,internet,90.0,90.0,90.0,2023,A,ITU / World Bank,
SVN,Slovenia,ladder,6.63,5.3,7.96,2023,C,Gallup World Poll via World Happiness Report,
SVN,Slovenia,lsec_comp,97.0,97.0,97.0,2023,A,UNESCO UIS,
SVN,Slovenia,mobile_bb,90.0,81.0,99.0,2023,B,ITU,
SVN,Slovenia,neet,8.0,7.6,8.4,2023,B,ILOSTAT / national LFS (PLFS for India),
SVN,Slovenia,neet_gap,2.0,1.9,2.1,2023,B,Derived from ILOSTAT / national LFS,
SVN,Slovenia,stunting,1.5,1.41,1.59,2023,A,UNICEF/WHO/World Bank JME (NFHS-5 for India),
SVN,Slovenia,suicide,15.0,15.0,15.0,2023,A,WHO Global Health Estimates; NCRB for India,
SVN,Slovenia,u5mr,2.0,2.0,2.0,2023,A,UN IGME,
SVN,Slovenia,water,100.0,100.0,100.0,2023,A,WHO/UNICEF JMP,
SVN,Slovenia,y_unemp,12.0,11.4,12.6,2023,B,ILOSTAT,
SVN,Slovenia,youth_lit,100.0,100.0,100.0,2023,A,UNESCO UIS,
SOM,Somalia,adol_fert,110.0,110.0,110.0,2023,A,UN Population Division / World Bank SP.ADO.TFRT,
SOM,Somalia,child_labour,49.0,44.1,53.9,2023,B,ILO/UNICEF,
SOM,Somalia,child_marriage,45.0,45.0,45.0,2023,A,UNICEF; DHS/MICS,
SOM,Somalia,electricity,50.0,50.0,50.0,2023,A,World Bank / IEA,
SOM,Somalia,hlo,269.81,253.62,286.0,2023,C,"Altinok, Angrist & Patrinos (2018) / World Bank HLO","Imputed by OLS on log(u5mr), youth_lit, lsec_comp, internet; R2=0.87"
SOM,Somalia,homicide,6.0,6.0,6.0,2023,A,UNODC,
SOM,Somalia,internet,28.0,28.0,28.0,2023,A,ITU / World Bank,
SOM,Somalia,ladder,3.5,2.8,4.2,2023,C,Gallup World Poll via World Happiness Report,
SOM,Somalia,lsec_comp,20.0,20.0,20.0,2023,A,UNESCO UIS,
SOM,Somalia,mobile_bb,25.0,22.5,27.5,2023,B,ITU,
SOM,Somalia,neet,45.0,42.75,47.25,2023,B,ILOSTAT / national LFS (PLFS for India),
SOM,Somalia,neet_gap,25.0,23.75,26.25,2023,B,Derived from ILOSTAT / national LFS,
SOM,Somalia,stunting,28.0,26.32,29.68,2023,A,UNICEF/WHO/World Bank JME (NFHS-5 for India),
SOM,Somalia,suicide,6.0,6.0,6.0,2023,A,WHO Global Health Estimates; NCRB for India,
SOM,Somalia,u5mr,106.0,106.0,106.0,2023,A,UN IGME,
SOM,Somalia,water,55.0,55.0,55.0,2023,A,WHO/UNICEF JMP,
SOM,Somalia,y_unemp,20.0,19.0,21.0,2023,B,ILOSTAT,
SOM,Somalia,youth_lit,50.0,50.0,50.0,2023,A,UNESCO UIS,
ZAF,South Africa,adol_fert,60.0,60.0,60.0,2023,A,UN Population Division / World Bank SP.ADO.TFRT,
ZAF,South Africa,child_labour,2.0,1.8,2.2,2023,B,ILO/UNICEF,
ZAF,South Africa,child_marriage,4.0,4.0,4.0,2023,A,UNICEF; DHS/MICS,
ZAF,South Africa,electricity,86.0,86.0,86.0,2023,A,World Bank / IEA,
ZAF,South Africa,hlo,374.06,362.84,385.28,2023,B,"Altinok, Angrist & Patrinos (2018) / World Bank HLO",
ZAF,South Africa,homicide,41.9,41.9,41.9,2023,A,UNODC,
ZAF,South Africa,internet,78.0,78.0,78.0,2023,A,ITU / World Bank,
ZAF,South Africa,ladder,5.42,4.34,6.5,2023,C,Gallup World Poll via World Happiness Report,
ZAF,South Africa,lsec_comp,80.0,80.0,80.0,2023,A,UNESCO UIS,
ZAF,South Africa,mobile_bb,110.0,99.0,121.0,2023,B,ITU,
ZAF,South Africa,neet,35.0,33.25,36.75,2023,B,ILOSTAT / national LFS (PLFS for India),
ZAF,South Africa,neet_gap,8.0,7.6,8.4,2023,B,Derived from ILOSTAT / national LFS,
ZAF,South Africa,stunting,23.0,21.62,24.38,2023,A,UNICEF/WHO/World Bank JME (NFHS-5 for India),
ZAF,South Africa,suicide,23.5,23.5,23.5,2023,A,WHO Global Health Estimates; NCRB for India,
ZAF,South Africa,u5mr,33.0,33.0,33.0,2023,A,UN IGME,
ZAF,South Africa,water,94.0,94.0,94.0,2023,A,WHO/UNICEF JMP,
ZAF,South Africa,y_unemp,45.0,42.75,47.25,2023,B,ILOSTAT,
ZAF,South Africa,youth_lit,95.0,95.0,95.0,2023,A,UNESCO UIS,
KOR,South Korea,adol_fert,1.3,1.3,1.3,2023,A,UN Population Division / World Bank SP.ADO.TFRT,
KOR,South Korea,child_labour,0.0,0.0,0.0,2023,B,ILO/UNICEF,
KOR,South Korea,child_marriage,0.2,0.2,0.2,2023,A,UNICEF; DHS/MICS,
KOR,South Korea,electricity,100.0,100.0,100.0,2023,A,World Bank / IEA,
KOR,South Korea,hlo,607.23,589.01,625.45,2023,B,"Altinok, Angrist & Patrinos (2018) / World Bank HLO",
KOR,South Korea,homicide,0.6,0.6,0.6,2023,A,UNODC,
KOR,South Korea,internet,97.0,97.0,97.0,2023,A,ITU / World Bank,
KOR,South Korea,ladder,6.06,4.85,7.27,2023,C,Gallup World Poll via World Happiness Report,
KOR,South Korea,lsec_comp,99.0,99.0,99.0,2023,A,UNESCO UIS,
KOR,South Korea,mobile_bb,120.0,108.0,132.0,2023,B,ITU,
KOR,South Korea,neet,18.0,17.1,18.9,2023,B,ILOSTAT / national LFS (PLFS for India),
KOR,South Korea,neet_gap,3.0,2.85,3.15,2023,B,Derived from ILOSTAT / national LFS,
KOR,South Korea,stunting,2.2,2.07,2.33,2023,A,UNICEF/WHO/World Bank JME (NFHS-5 for India),
KOR,South Korea,suicide,24.1,24.1,24.1,2023,A,WHO Global Health Estimates; NCRB for India,
KOR,South Korea,u5mr,3.0,3.0,3.0,2023,A,UN IGME,
KOR,South Korea,water,100.0,100.0,100.0,2023,A,WHO/UNICEF JMP,
KOR,South Korea,y_unemp,7.0,6.65,7.35,2023,B,ILOSTAT,
KOR,South Korea,youth_lit,100.0,100.0,100.0,2023,A,UNESCO UIS,
SSD,South Sudan,adol_fert,100.0,100.0,100.0,2023,A,UN Population Division / World Bank SP.ADO.TFRT,
SSD,South Sudan,child_labour,45.0,40.5,49.5,2023,B,ILO/UNICEF,
SSD,South Sudan,child_marriage,52.0,52.0,52.0,2023,A,UNICEF; DHS/MICS,
SSD,South Sudan,electricity,8.0,8.0,8.0,2023,A,World Bank / IEA,
SSD,South Sudan,hlo,292.97,275.39,310.55,2023,C,"Altinok, Angrist & Patrinos (2018) / World Bank HLO","Imputed by OLS on log(u5mr), youth_lit, lsec_comp, internet; R2=0.87"
SSD,South Sudan,homicide,12.0,12.0,12.0,2023,A,UNODC,
SSD,South Sudan,internet,12.0,12.0,12.0,2023,A,ITU / World Bank,
SSD,South Sudan,ladder,2.8,2.24,3.36,2023,C,Gallup World Poll via World Happiness Report,
SSD,South Sudan,lsec_comp,20.0,20.0,20.0,2023,A,UNESCO UIS,
SSD,South Sudan,mobile_bb,10.0,9.0,11.0,2023,B,ITU,
SSD,South Sudan,neet,45.0,42.75,47.25,2023,B,ILOSTAT / national LFS (PLFS for India),
SSD,South Sudan,neet_gap,20.0,19.0,21.0,2023,B,Derived from ILOSTAT / national LFS,
SSD,South Sudan,stunting,31.0,29.14,32.86,2023,A,UNICEF/WHO/World Bank JME (NFHS-5 for India),
SSD,South Sudan,suicide,7.0,7.0,7.0,2023,A,WHO Global Health Estimates; NCRB for India,
SSD,South Sudan,u5mr,98.0,98.0,98.0,2023,A,UN IGME,
SSD,South Sudan,water,40.0,40.0,40.0,2023,A,WHO/UNICEF JMP,
SSD,South Sudan,y_unemp,15.0,14.25,15.75,2023,B,ILOSTAT,
SSD,South Sudan,youth_lit,40.0,40.0,40.0,2023,A,UNESCO UIS,
ESP,Spain,adol_fert,5.5,5.5,5.5,2023,A,UN Population Division / World Bank SP.ADO.TFRT,
ESP,Spain,child_labour,0.0,0.0,0.0,2023,B,ILO/UNICEF,
ESP,Spain,child_marriage,0.2,0.2,0.2,2023,A,UNICEF; DHS/MICS,
ESP,Spain,electricity,100.0,100.0,100.0,2023,A,World Bank / IEA,
ESP,Spain,hlo,504.83,489.69,519.97,2023,B,"Altinok, Angrist & Patrinos (2018) / World Bank HLO",
ESP,Spain,homicide,0.7,0.7,0.7,2023,A,UNODC,
ESP,Spain,internet,96.0,96.0,96.0,2023,A,ITU / World Bank,
ESP,Spain,ladder,6.42,5.14,7.7,2023,C,Gallup World Poll via World Happiness Report,
ESP,Spain,lsec_comp,93.0,93.0,93.0,2023,A,UNESCO UIS,
ESP,Spain,mobile_bb,120.0,108.0,132.0,2023,B,ITU,
ESP,Spain,neet,15.5,14.72,16.28,2023,B,ILOSTAT / national LFS (PLFS for India),
ESP,Spain,neet_gap,2.0,1.9,2.1,2023,B,Derived from ILOSTAT / national LFS,
ESP,Spain,stunting,1.9,1.79,2.01,2023,A,UNICEF/WHO/World Bank JME (NFHS-5 for India),
ESP,Spain,suicide,8.0,8.0,8.0,2023,A,WHO Global Health Estimates; NCRB for India,
ESP,Spain,u5mr,3.0,3.0,3.0,2023,A,UN IGME,
ESP,Spain,water,100.0,100.0,100.0,2023,A,WHO/UNICEF JMP,
ESP,Spain,y_unemp,27.0,25.65,28.35,2023,B,ILOSTAT,
ESP,Spain,youth_lit,100.0,100.0,100.0,2023,A,UNESCO UIS,
LKA,Sri Lanka,adol_fert,15.0,15.0,15.0,2023,A,UN Population Division / World Bank SP.ADO.TFRT,
LKA,Sri Lanka,child_labour,1.0,0.9,1.1,2023,B,ILO/UNICEF,
LKA,Sri Lanka,child_marriage,10.0,10.0,10.0,2023,A,UNICEF; DHS/MICS,
LKA,Sri Lanka,electricity,100.0,100.0,100.0,2023,A,World Bank / IEA,
LKA,Sri Lanka,hlo,495.84,466.09,525.59,2023,C,"Altinok, Angrist & Patrinos (2018) / World Bank HLO","Imputed by OLS on log(u5mr), youth_lit, lsec_comp, internet; R2=0.87"
LKA,Sri Lanka,homicide,2.0,2.0,2.0,2023,A,UNODC,
LKA,Sri Lanka,internet,67.0,67.0,67.0,2023,A,ITU / World Bank,
LKA,Sri Lanka,ladder,4.6,3.68,5.52,2023,C,Gallup World Poll via World Happiness Report,
LKA,Sri Lanka,lsec_comp,90.0,90.0,90.0,2023,A,UNESCO UIS,
LKA,Sri Lanka,mobile_bb,50.0,45.0,55.0,2023,B,ITU,
LKA,Sri Lanka,neet,25.0,23.75,26.25,2023,B,ILOSTAT / national LFS (PLFS for India),
LKA,Sri Lanka,neet_gap,20.0,19.0,21.0,2023,B,Derived from ILOSTAT / national LFS,
LKA,Sri Lanka,stunting,16.0,15.04,16.96,2023,A,UNICEF/WHO/World Bank JME (NFHS-5 for India),
LKA,Sri Lanka,suicide,14.0,14.0,14.0,2023,A,WHO Global Health Estimates; NCRB for India,
LKA,Sri Lanka,u5mr,6.4,6.4,6.4,2023,A,UN IGME,
LKA,Sri Lanka,water,95.0,95.0,95.0,2023,A,WHO/UNICEF JMP,
LKA,Sri Lanka,y_unemp,25.0,23.75,26.25,2023,B,ILOSTAT,
LKA,Sri Lanka,youth_lit,99.0,99.0,99.0,2023,A,UNESCO UIS,
SDN,Sudan,adol_fert,80.0,80.0,80.0,2023,A,UN Population Division / World Bank SP.ADO.TFRT,
SDN,Sudan,child_labour,25.0,22.5,27.5,2023,B,ILO/UNICEF,
SDN,Sudan,child_marriage,34.0,34.0,34.0,2023,A,UNICEF; DHS/MICS,
SDN,Sudan,electricity,55.0,55.0,55.0,2023,A,World Bank / IEA,
SDN,Sudan,hlo,322.54,303.18,341.89,2023,C,"Altinok, Angrist & Patrinos (2018) / World Bank HLO","Imputed by OLS on log(u5mr), youth_lit, lsec_comp, internet; R2=0.87"
SDN,Sudan,homicide,7.0,7.0,7.0,2023,A,UNODC,
SDN,Sudan,internet,30.0,30.0,30.0,2023,A,ITU / World Bank,
SDN,Sudan,ladder,3.2,2.56,3.84,2023,C,Gallup World Poll via World Happiness Report,
SDN,Sudan,lsec_comp,40.0,40.0,40.0,2023,A,UNESCO UIS,
SDN,Sudan,mobile_bb,25.0,22.5,27.5,2023,B,ITU,
SDN,Sudan,neet,35.0,33.25,36.75,2023,B,ILOSTAT / national LFS (PLFS for India),
SDN,Sudan,neet_gap,30.0,28.5,31.5,2023,B,Derived from ILOSTAT / national LFS,
SDN,Sudan,stunting,36.0,33.84,38.16,2023,A,UNICEF/WHO/World Bank JME (NFHS-5 for India),
SDN,Sudan,suicide,4.0,4.0,4.0,2023,A,WHO Global Health Estimates; NCRB for India,
SDN,Sudan,u5mr,55.0,55.0,55.0,2023,A,UN IGME,
SDN,Sudan,water,60.0,60.0,60.0,2023,A,WHO/UNICEF JMP,
SDN,Sudan,y_unemp,20.0,19.0,21.0,2023,B,ILOSTAT,
SDN,Sudan,youth_lit,80.0,80.0,80.0,2023,A,UNESCO UIS,
SWE,Sweden,adol_fert,3.0,3.0,3.0,2023,A,UN Population Division / World Bank SP.ADO.TFRT,
SWE,Sweden,child_labour,0.0,0.0,0.0,2023,B,ILO/UNICEF,
SWE,Sweden,child_marriage,0.2,0.2,0.2,2023,A,UNICEF; DHS/MICS,
SWE,Sweden,electricity,100.0,100.0,100.0,2023,A,World Bank / IEA,
SWE,Sweden,hlo,509.15,493.88,524.42,2023,B,"Altinok, Angrist & Patrinos (2018) / World Bank HLO",
SWE,Sweden,homicide,1.2,1.2,1.2,2023,A,UNODC,
SWE,Sweden,internet,96.0,96.0,96.0,2023,A,ITU / World Bank,
SWE,Sweden,ladder,7.34,5.87,8.81,2023,C,Gallup World Poll via World Happiness Report,
SWE,Sweden,lsec_comp,98.0,98.0,98.0,2023,A,UNESCO UIS,
SWE,Sweden,mobile_bb,135.0,121.5,148.5,2023,B,ITU,
SWE,Sweden,neet,6.0,5.7,6.3,2023,B,ILOSTAT / national LFS (PLFS for India),
SWE,Sweden,neet_gap,0.5,0.47,0.53,2023,B,Derived from ILOSTAT / national LFS,
SWE,Sweden,stunting,1.5,1.41,1.59,2023,A,UNICEF/WHO/World Bank JME (NFHS-5 for India),
SWE,Sweden,suicide,12.4,12.4,12.4,2023,A,WHO Global Health Estimates; NCRB for India,
SWE,Sweden,u5mr,2.4,2.4,2.4,2023,A,UN IGME,
SWE,Sweden,water,100.0,100.0,100.0,2023,A,WHO/UNICEF JMP,
SWE,Sweden,y_unemp,22.0,20.9,23.1,2023,B,ILOSTAT,
SWE,Sweden,youth_lit,100.0,100.0,100.0,2023,A,UNESCO UIS,
CHE,Switzerland,adol_fert,2.5,2.5,2.5,2023,A,UN Population Division / World Bank SP.ADO.TFRT,
CHE,Switzerland,child_labour,0.0,0.0,0.0,2023,B,ILO/UNICEF,
CHE,Switzerland,child_marriage,0.2,0.2,0.2,2023,A,UNICEF; DHS/MICS,
CHE,Switzerland,electricity,100.0,100.0,100.0,2023,A,World Bank / IEA,
CHE,Switzerland,hlo,543.83,527.52,560.14,2023,B,"Altinok, Angrist & Patrinos (2018) / World Bank HLO",
CHE,Switzerland,homicide,0.5,0.5,0.5,2023,A,UNODC,
CHE,Switzerland,internet,96.0,96.0,96.0,2023,A,ITU / World Bank,
CHE,Switzerland,ladder,6.94,5.55,8.33,2023,C,Gallup World Poll via World Happiness Report,
CHE,Switzerland,lsec_comp,97.0,97.0,97.0,2023,A,UNESCO UIS,
CHE,Switzerland,mobile_bb,120.0,108.0,132.0,2023,B,ITU,
CHE,Switzerland,neet,6.0,5.7,6.3,2023,B,ILOSTAT / national LFS (PLFS for India),
CHE,Switzerland,neet_gap,0.8,0.76,0.84,2023,B,Derived from ILOSTAT / national LFS,
CHE,Switzerland,stunting,1.5,1.41,1.59,2023,A,UNICEF/WHO/World Bank JME (NFHS-5 for India),
CHE,Switzerland,suicide,10.5,10.5,10.5,2023,A,WHO Global Health Estimates; NCRB for India,
CHE,Switzerland,u5mr,3.9,3.9,3.9,2023,A,UN IGME,
CHE,Switzerland,water,100.0,100.0,100.0,2023,A,WHO/UNICEF JMP,
CHE,Switzerland,y_unemp,8.0,7.6,8.4,2023,B,ILOSTAT,
CHE,Switzerland,youth_lit,100.0,100.0,100.0,2023,A,UNESCO UIS,
SYR,Syria,adol_fert,38.0,38.0,38.0,2023,A,UN Population Division / World Bank SP.ADO.TFRT,
SYR,Syria,child_labour,8.0,7.2,8.8,2023,B,ILO/UNICEF,
SYR,Syria,child_marriage,13.0,13.0,13.0,2023,A,UNICEF; DHS/MICS,
SYR,Syria,electricity,90.0,90.0,90.0,2023,A,World Bank / IEA,
SYR,Syria,hlo,390.86,379.13,402.59,2023,B,"Altinok, Angrist & Patrinos (2018) / World Bank HLO",
SYR,Syria,homicide,10.0,10.0,10.0,2023,A,UNODC,
SYR,Syria,internet,40.0,40.0,40.0,2023,A,ITU / World Bank,
SYR,Syria,ladder,3.0,2.4,3.6,2023,C,Gallup World Poll via World Happiness Report,
SYR,Syria,lsec_comp,45.0,45.0,45.0,2023,A,UNESCO UIS,
SYR,Syria,mobile_bb,30.0,27.0,33.0,2023,B,ITU,
SYR,Syria,neet,35.0,33.25,36.75,2023,B,ILOSTAT / national LFS (PLFS for India),
SYR,Syria,neet_gap,30.0,28.5,31.5,2023,B,Derived from ILOSTAT / national LFS,
SYR,Syria,stunting,28.0,26.32,29.68,2023,A,UNICEF/WHO/World Bank JME (NFHS-5 for India),
SYR,Syria,suicide,2.0,2.0,2.0,2023,A,WHO Global Health Estimates; NCRB for India,
SYR,Syria,u5mr,21.0,21.0,21.0,2023,A,UN IGME,
SYR,Syria,water,90.0,90.0,90.0,2023,A,WHO/UNICEF JMP,
SYR,Syria,y_unemp,25.0,23.75,26.25,2023,B,ILOSTAT,
SYR,Syria,youth_lit,85.0,85.0,85.0,2023,A,UNESCO UIS,
TJK,Tajikistan,adol_fert,55.0,55.0,55.0,2023,A,UN Population Division / World Bank SP.ADO.TFRT,
TJK,Tajikistan,child_labour,5.0,4.5,5.5,2023,B,ILO/UNICEF,
TJK,Tajikistan,child_marriage,9.0,9.0,9.0,2023,A,UNICEF; DHS/MICS,
TJK,Tajikistan,electricity,100.0,100.0,100.0,2023,A,World Bank / IEA,
TJK,Tajikistan,hlo,410.28,385.66,434.9,2023,C,"Altinok, Angrist & Patrinos (2018) / World Bank HLO","Imputed by OLS on log(u5mr), youth_lit, lsec_comp, internet; R2=0.87"
TJK,Tajikistan,homicide,1.5,1.5,1.5,2023,A,UNODC,
TJK,Tajikistan,internet,60.0,60.0,60.0,2023,A,ITU / World Bank,
TJK,Tajikistan,ladder,5.2,4.16,6.24,2023,C,Gallup World Poll via World Happiness Report,
TJK,Tajikistan,lsec_comp,90.0,90.0,90.0,2023,A,UNESCO UIS,
TJK,Tajikistan,mobile_bb,50.0,45.0,55.0,2023,B,ITU,
TJK,Tajikistan,neet,25.0,23.75,26.25,2023,B,ILOSTAT / national LFS (PLFS for India),
TJK,Tajikistan,neet_gap,25.0,23.75,26.25,2023,B,Derived from ILOSTAT / national LFS,
TJK,Tajikistan,stunting,17.0,15.98,18.02,2023,A,UNICEF/WHO/World Bank JME (NFHS-5 for India),
TJK,Tajikistan,suicide,4.0,4.0,4.0,2023,A,WHO Global Health Estimates; NCRB for India,
TJK,Tajikistan,u5mr,30.0,30.0,30.0,2023,A,UN IGME,
TJK,Tajikistan,water,84.0,84.0,84.0,2023,A,WHO/UNICEF JMP,
TJK,Tajikistan,y_unemp,7.0,6.65,7.35,2023,B,ILOSTAT,
TJK,Tajikistan,youth_lit,100.0,100.0,100.0,2023,A,UNESCO UIS,
TZA,Tanzania,adol_fert,110.0,110.0,110.0,2023,A,UN Population Division / World Bank SP.ADO.TFRT,
TZA,Tanzania,child_labour,29.0,26.1,31.9,2023,B,ILO/UNICEF,
TZA,Tanzania,child_marriage,31.0,31.0,31.0,2023,A,UNICEF; DHS/MICS,
TZA,Tanzania,electricity,45.0,45.0,45.0,2023,A,World Bank / IEA,
TZA,Tanzania,hlo,352.92,342.33,363.51,2023,B,"Altinok, Angrist & Patrinos (2018) / World Bank HLO",
TZA,Tanzania,homicide,7.0,7.0,7.0,2023,A,UNODC,
TZA,Tanzania,internet,32.0,32.0,32.0,2023,A,ITU / World Bank,
TZA,Tanzania,ladder,3.7,2.96,4.44,2023,C,Gallup World Poll via World Happiness Report,
TZA,Tanzania,lsec_comp,35.0,35.0,35.0,2023,A,UNESCO UIS,
TZA,Tanzania,mobile_bb,35.0,31.5,38.5,2023,B,ITU,
TZA,Tanzania,neet,20.0,19.0,21.0,2023,B,ILOSTAT / national LFS (PLFS for India),
TZA,Tanzania,neet_gap,10.0,9.5,10.5,2023,B,Derived from ILOSTAT / national LFS,
TZA,Tanzania,stunting,30.0,28.2,31.8,2023,A,UNICEF/WHO/World Bank JME (NFHS-5 for India),
TZA,Tanzania,suicide,6.0,6.0,6.0,2023,A,WHO Global Health Estimates; NCRB for India,
TZA,Tanzania,u5mr,39.0,39.0,39.0,2023,A,UN IGME,
TZA,Tanzania,water,65.0,65.0,65.0,2023,A,WHO/UNICEF JMP,
TZA,Tanzania,y_unemp,4.0,3.8,4.2,2023,B,ILOSTAT,
TZA,Tanzania,youth_lit,85.0,85.0,85.0,2023,A,UNESCO UIS,
THA,Thailand,adol_fert,32.0,32.0,32.0,2023,A,UN Population Division / World Bank SP.ADO.TFRT,
THA,Thailand,child_labour,7.0,6.3,7.7,2023,B,ILO/UNICEF,
THA,Thailand,child_marriage,20.0,20.0,20.0,2023,A,UNICEF; DHS/MICS,
THA,Thailand,electricity,100.0,100.0,100.0,2023,A,World Bank / IEA,
THA,Thailand,hlo,440.25,427.04,453.46,2023,B,"Altinok, Angrist & Patrinos (2018) / World Bank HLO",
THA,Thailand,homicide,2.5,2.5,2.5,2023,A,UNODC,
THA,Thailand,internet,88.0,88.0,88.0,2023,A,ITU / World Bank,
THA,Thailand,ladder,5.98,4.78,7.18,2023,C,Gallup World Poll via World Happiness Report,
THA,Thailand,lsec_comp,85.0,85.0,85.0,2023,A,UNESCO UIS,
THA,Thailand,mobile_bb,120.0,108.0,132.0,2023,B,ITU,
THA,Thailand,neet,14.0,13.3,14.7,2023,B,ILOSTAT / national LFS (PLFS for India),
THA,Thailand,neet_gap,6.0,5.7,6.3,2023,B,Derived from ILOSTAT / national LFS,
THA,Thailand,stunting,12.3,11.56,13.04,2023,A,UNICEF/WHO/World Bank JME (NFHS-5 for India),
THA,Thailand,suicide,8.0,8.0,8.0,2023,A,WHO Global Health Estimates; NCRB for India,
THA,Thailand,u5mr,8.4,8.4,8.4,2023,A,UN IGME,
THA,Thailand,water,100.0,100.0,100.0,2023,A,WHO/UNICEF JMP,
THA,Thailand,y_unemp,7.0,6.65,7.35,2023,B,ILOSTAT,
THA,Thailand,youth_lit,98.0,98.0,98.0,2023,A,UNESCO UIS,
TLS,Timor-Leste,adol_fert,35.0,35.0,35.0,2023,A,UN Population Division / World Bank SP.ADO.TFRT,
TLS,Timor-Leste,child_labour,14.0,12.6,15.4,2023,B,ILO/UNICEF,
TLS,Timor-Leste,child_marriage,15.0,15.0,15.0,2023,A,UNICEF; DHS/MICS,
TLS,Timor-Leste,electricity,95.0,95.0,95.0,2023,A,World Bank / IEA,
TLS,Timor-Leste,hlo,352.92,331.75,374.1,2023,C,"Altinok, Angrist & Patrinos (2018) / World Bank HLO","Imputed by OLS on log(u5mr), youth_lit, lsec_comp, internet; R2=0.87"
TLS,Timor-Leste,homicide,3.5,3.5,3.5,2023,A,UNODC,
TLS,Timor-Leste,internet,45.0,45.0,45.0,2023,A,ITU / World Bank,
TLS,Timor-Leste,ladder,4.8,3.84,5.76,2023,C,Gallup World Poll via World Happiness Report,
TLS,Timor-Leste,lsec_comp,55.0,55.0,55.0,2023,A,UNESCO UIS,
TLS,Timor-Leste,mobile_bb,35.0,31.5,38.5,2023,B,ITU,
TLS,Timor-Leste,neet,25.0,23.75,26.25,2023,B,ILOSTAT / national LFS (PLFS for India),
TLS,Timor-Leste,neet_gap,10.0,9.5,10.5,2023,B,Derived from ILOSTAT / national LFS,
TLS,Timor-Leste,stunting,47.0,44.18,49.82,2023,A,UNICEF/WHO/World Bank JME (NFHS-5 for India),
TLS,Timor-Leste,suicide,6.0,6.0,6.0,2023,A,WHO Global Health Estimates; NCRB for India,
TLS,Timor-Leste,u5mr,40.0,40.0,40.0,2023,A,UN IGME,
TLS,Timor-Leste,water,85.0,85.0,85.0,2023,A,WHO/UNICEF JMP,
TLS,Timor-Leste,y_unemp,5.0,4.75,5.25,2023,B,ILOSTAT,
TLS,Timor-Leste,youth_lit,85.0,85.0,85.0,2023,A,UNESCO UIS,
TUN,Tunisia,adol_fert,7.0,7.0,7.0,2023,A,UN Population Division / World Bank SP.ADO.TFRT,
TUN,Tunisia,child_labour,2.0,1.8,2.2,2023,B,ILO/UNICEF,
TUN,Tunisia,child_marriage,2.0,2.0,2.0,2023,A,UNICEF; DHS/MICS,
TUN,Tunisia,electricity,100.0,100.0,100.0,2023,A,World Bank / IEA,
TUN,Tunisia,hlo,384.12,372.6,395.64,2023,B,"Altinok, Angrist & Patrinos (2018) / World Bank HLO",
TUN,Tunisia,homicide,3.0,3.0,3.0,2023,A,UNODC,
TUN,Tunisia,internet,79.0,79.0,79.0,2023,A,ITU / World Bank,
TUN,Tunisia,ladder,5.0,4.0,6.0,2023,C,Gallup World Poll via World Happiness Report,
TUN,Tunisia,lsec_comp,75.0,75.0,75.0,2023,A,UNESCO UIS,
TUN,Tunisia,mobile_bb,80.0,72.0,88.0,2023,B,ITU,
TUN,Tunisia,neet,28.0,26.6,29.4,2023,B,ILOSTAT / national LFS (PLFS for India),
TUN,Tunisia,neet_gap,20.0,19.0,21.0,2023,B,Derived from ILOSTAT / national LFS,
TUN,Tunisia,stunting,8.0,7.52,8.48,2023,A,UNICEF/WHO/World Bank JME (NFHS-5 for India),
TUN,Tunisia,suicide,3.0,3.0,3.0,2023,A,WHO Global Health Estimates; NCRB for India,
TUN,Tunisia,u5mr,16.0,16.0,16.0,2023,A,UN IGME,
TUN,Tunisia,water,96.0,96.0,96.0,2023,A,WHO/UNICEF JMP,
TUN,Tunisia,y_unemp,35.0,33.25,36.75,2023,B,ILOSTAT,
TUN,Tunisia,youth_lit,97.0,97.0,97.0,2023,A,UNESCO UIS,
TUR,Turkey,adol_fert,17.0,17.0,17.0,2023,A,UN Population Division / World Bank SP.ADO.TFRT,
TUR,Turkey,child_labour,4.0,3.6,4.4,2023,B,ILO/UNICEF,
TUR,Turkey,child_marriage,15.0,15.0,15.0,2023,A,UNICEF; DHS/MICS,
TUR,Turkey,electricity,100.0,100.0,100.0,2023,A,World Bank / IEA,
TUR,Turkey,hlo,470.39,456.28,484.5,2023,B,"Altinok, Angrist & Patrinos (2018) / World Bank HLO",
TUR,Turkey,homicide,2.5,2.5,2.5,2023,A,UNODC,
TUR,Turkey,internet,86.0,86.0,86.0,2023,A,ITU / World Bank,
TUR,Turkey,ladder,4.94,3.95,5.93,2023,C,Gallup World Poll via World Happiness Report,
TUR,Turkey,lsec_comp,80.0,80.0,80.0,2023,A,UNESCO UIS,
TUR,Turkey,mobile_bb,90.0,81.0,99.0,2023,B,ITU,
TUR,Turkey,neet,25.0,23.75,26.25,2023,B,ILOSTAT / national LFS (PLFS for India),
TUR,Turkey,neet_gap,15.0,14.25,15.75,2023,B,Derived from ILOSTAT / national LFS,
TUR,Turkey,stunting,6.0,5.64,6.36,2023,A,UNICEF/WHO/World Bank JME (NFHS-5 for India),
TUR,Turkey,suicide,4.4,4.4,4.4,2023,A,WHO Global Health Estimates; NCRB for India,
TUR,Turkey,u5mr,9.0,9.0,9.0,2023,A,UN IGME,
TUR,Turkey,water,99.0,99.0,99.0,2023,A,WHO/UNICEF JMP,
TUR,Turkey,y_unemp,17.0,16.15,17.85,2023,B,ILOSTAT,
TUR,Turkey,youth_lit,99.0,99.0,99.0,2023,A,UNESCO UIS,
UGA,Uganda,adol_fert,110.0,110.0,110.0,2023,A,UN Population Division / World Bank SP.ADO.TFRT,
UGA,Uganda,child_labour,32.0,28.8,35.2,2023,B,ILO/UNICEF,
UGA,Uganda,child_marriage,34.0,34.0,34.0,2023,A,UNICEF; DHS/MICS,
UGA,Uganda,electricity,45.0,45.0,45.0,2023,A,World Bank / IEA,
UGA,Uganda,hlo,329.42,319.54,339.3,2023,B,"Altinok, Angrist & Patrinos (2018) / World Bank HLO",
UGA,Uganda,homicide,11.0,11.0,11.0,2023,A,UNODC,
UGA,Uganda,internet,27.0,27.0,27.0,2023,A,ITU / World Bank,
UGA,Uganda,ladder,4.4,3.52,5.28,2023,C,Gallup World Poll via World Happiness Report,
UGA,Uganda,lsec_comp,30.0,30.0,30.0,2023,A,UNESCO UIS,
UGA,Uganda,mobile_bb,25.0,22.5,27.5,2023,B,ITU,
UGA,Uganda,neet,25.0,23.75,26.25,2023,B,ILOSTAT / national LFS (PLFS for India),
UGA,Uganda,neet_gap,10.0,9.5,10.5,2023,B,Derived from ILOSTAT / national LFS,
UGA,Uganda,stunting,24.0,22.56,25.44,2023,A,UNICEF/WHO/World Bank JME (NFHS-5 for India),
UGA,Uganda,suicide,10.0,10.0,10.0,2023,A,WHO Global Health Estimates; NCRB for India,
UGA,Uganda,u5mr,41.0,41.0,41.0,2023,A,UN IGME,
UGA,Uganda,water,58.0,58.0,58.0,2023,A,WHO/UNICEF JMP,
UGA,Uganda,y_unemp,3.0,2.85,3.15,2023,B,ILOSTAT,
UGA,Uganda,youth_lit,90.0,90.0,90.0,2023,A,UNESCO UIS,
UKR,Ukraine,adol_fert,15.0,15.0,15.0,2023,A,UN Population Division / World Bank SP.ADO.TFRT,
UKR,Ukraine,child_labour,2.0,1.8,2.2,2023,B,ILO/UNICEF,
UKR,Ukraine,child_marriage,1.0,1.0,1.0,2023,A,UNICEF; DHS/MICS,
UKR,Ukraine,electricity,100.0,100.0,100.0,2023,A,World Bank / IEA,
UKR,Ukraine,hlo,478.3,463.95,492.65,2023,B,"Altinok, Angrist & Patrinos (2018) / World Bank HLO",
UKR,Ukraine,homicide,6.0,6.0,6.0,2023,A,UNODC,
UKR,Ukraine,internet,80.0,80.0,80.0,2023,A,ITU / World Bank,
UKR,Ukraine,ladder,4.68,3.74,5.62,2023,C,Gallup World Poll via World Happiness Report,
UKR,Ukraine,lsec_comp,94.0,94.0,94.0,2023,A,UNESCO UIS,
UKR,Ukraine,mobile_bb,80.0,72.0,88.0,2023,B,ITU,
UKR,Ukraine,neet,17.0,16.15,17.85,2023,B,ILOSTAT / national LFS (PLFS for India),
UKR,Ukraine,neet_gap,6.0,5.7,6.3,2023,B,Derived from ILOSTAT / national LFS,
UKR,Ukraine,stunting,4.0,3.76,4.24,2023,A,UNICEF/WHO/World Bank JME (NFHS-5 for India),
UKR,Ukraine,suicide,17.7,17.7,17.7,2023,A,WHO Global Health Estimates; NCRB for India,
UKR,Ukraine,u5mr,8.0,8.0,8.0,2023,A,UN IGME,
UKR,Ukraine,water,96.0,96.0,96.0,2023,A,WHO/UNICEF JMP,
UKR,Ukraine,y_unemp,20.0,19.0,21.0,2023,B,ILOSTAT,
UKR,Ukraine,youth_lit,100.0,100.0,100.0,2023,A,UNESCO UIS,
ARE,United Arab Emirates,adol_fert,4.0,4.0,4.0,2023,A,UN Population Division / World Bank SP.ADO.TFRT,
ARE,United Arab Emirates,child_labour,0.0,0.0,0.0,2023,B,ILO/UNICEF,
ARE,United Arab Emirates,child_marriage,2.0,2.0,2.0,2023,A,UNICEF; DHS/MICS,
ARE,United Arab Emirates,electricity,100.0,100.0,100.0,2023,A,World Bank / IEA,
ARE,United Arab Emirates,hlo,460.49,446.68,474.3,2023,B,"Altinok, Angrist & Patrinos (2018) / World Bank HLO",
ARE,United Arab Emirates,homicide,0.5,0.5,0.5,2023,A,UNODC,
ARE,United Arab Emirates,internet,100.0,100.0,100.0,2023,A,ITU / World Bank,
ARE,United Arab Emirates,ladder,6.73,5.38,8.08,2023,C,Gallup World Poll via World Happiness Report,
ARE,United Arab Emirates,lsec_comp,93.0,93.0,93.0,2023,A,UNESCO UIS,
ARE,United Arab Emirates,mobile_bb,220.0,198.0,242.0,2023,B,ITU,
ARE,United Arab Emirates,neet,12.0,11.4,12.6,2023,B,ILOSTAT / national LFS (PLFS for India),
ARE,United Arab Emirates,neet_gap,10.0,9.5,10.5,2023,B,Derived from ILOSTAT / national LFS,
ARE,United Arab Emirates,stunting,4.0,3.76,4.24,2023,A,UNICEF/WHO/World Bank JME (NFHS-5 for India),
ARE,United Arab Emirates,suicide,5.0,5.0,5.0,2023,A,WHO Global Health Estimates; NCRB for India,
ARE,United Arab Emirates,u5mr,6.5,6.5,6.5,2023,A,UN IGME,
ARE,United Arab Emirates,water,100.0,100.0,100.0,2023,A,WHO/UNICEF JMP,
ARE,United Arab Emirates,y_unemp,8.0,7.6,8.4,2023,B,ILOSTAT,
ARE,United Arab Emirates,youth_lit,99.0,99.0,99.0,2023,A,UNESCO UIS,
GBR,United Kingdom,adol_fert,10.0,10.0,10.0,2023,A,UN Population Division / World Bank SP.ADO.TFRT,
GBR,United Kingdom,child_labour,0.0,0.0,0.0,2023,B,ILO/UNICEF,
GBR,United Kingdom,child_marriage,0.2,0.2,0.2,2023,A,UNICEF; DHS/MICS,
GBR,United Kingdom,electricity,100.0,100.0,100.0,2023,A,World Bank / IEA,
GBR,United Kingdom,hlo,515.8,500.33,531.27,2023,B,"Altinok, Angrist & Patrinos (2018) / World Bank HLO",
GBR,United Kingdom,homicide,1.1,1.1,1.1,2023,A,UNODC,
GBR,United Kingdom,internet,97.0,97.0,97.0,2023,A,ITU / World Bank,
GBR,United Kingdom,ladder,6.75,5.4,8.1,2023,C,Gallup World Poll via World Happiness Report,
GBR,United Kingdom,lsec_comp,97.0,97.0,97.0,2023,A,UNESCO UIS,
GBR,United Kingdom,mobile_bb,110.0,99.0,121.0,2023,B,ITU,
GBR,United Kingdom,neet,11.5,10.92,12.08,2023,B,ILOSTAT / national LFS (PLFS for India),
GBR,United Kingdom,neet_gap,1.5,1.42,1.58,2023,B,Derived from ILOSTAT / national LFS,
GBR,United Kingdom,stunting,1.9,1.79,2.01,2023,A,UNICEF/WHO/World Bank JME (NFHS-5 for India),
GBR,United Kingdom,suicide,7.9,7.9,7.9,2023,A,WHO Global Health Estimates; NCRB for India,
GBR,United Kingdom,u5mr,4.2,4.2,4.2,2023,A,UN IGME,
GBR,United Kingdom,water,100.0,100.0,100.0,2023,A,WHO/UNICEF JMP,
GBR,United Kingdom,y_unemp,13.0,12.35,13.65,2023,B,ILOSTAT,
GBR,United Kingdom,youth_lit,100.0,100.0,100.0,2023,A,UNESCO UIS,
USA,United States,adol_fert,13.6,13.6,13.6,2023,A,UN Population Division / World Bank SP.ADO.TFRT,
USA,United States,child_labour,0.0,0.0,0.0,2023,B,ILO/UNICEF,
USA,United States,child_marriage,0.5,0.5,0.5,2023,A,UNICEF; DHS/MICS,
USA,United States,electricity,100.0,100.0,100.0,2023,A,World Bank / IEA,
USA,United States,hlo,529.09,513.22,544.96,2023,B,"Altinok, Angrist & Patrinos (2018) / World Bank HLO",
USA,United States,homicide,6.4,6.4,6.4,2023,A,UNODC,
USA,United States,internet,97.0,97.0,97.0,2023,A,ITU / World Bank,
USA,United States,ladder,6.72,5.38,8.06,2023,C,Gallup World Poll via World Happiness Report,
USA,United States,lsec_comp,94.0,94.0,94.0,2023,A,UNESCO UIS,
USA,United States,mobile_bb,180.0,162.0,198.0,2023,B,ITU,
USA,United States,neet,11.5,10.92,12.08,2023,B,ILOSTAT / national LFS (PLFS for India),
USA,United States,neet_gap,2.0,1.9,2.1,2023,B,Derived from ILOSTAT / national LFS,
USA,United States,stunting,3.0,2.82,3.18,2023,A,UNICEF/WHO/World Bank JME (NFHS-5 for India),
USA,United States,suicide,14.5,14.5,14.5,2023,A,WHO Global Health Estimates; NCRB for India,
USA,United States,u5mr,6.2,6.2,6.2,2023,A,UN IGME,
USA,United States,water,99.0,99.0,99.0,2023,A,WHO/UNICEF JMP,
USA,United States,y_unemp,9.0,8.55,9.45,2023,B,ILOSTAT,
USA,United States,youth_lit,100.0,100.0,100.0,2023,A,UNESCO UIS,
URY,Uruguay,adol_fert,32.0,32.0,32.0,2023,A,UN Population Division / World Bank SP.ADO.TFRT,
URY,Uruguay,child_labour,6.0,5.4,6.6,2023,B,ILO/UNICEF,
URY,Uruguay,child_marriage,25.0,25.0,25.0,2023,A,UNICEF; DHS/MICS,
URY,Uruguay,electricity,100.0,100.0,100.0,2023,A,World Bank / IEA,
URY,Uruguay,hlo,445.45,432.09,458.81,2023,B,"Altinok, Angrist & Patrinos (2018) / World Bank HLO",
URY,Uruguay,homicide,11.0,11.0,11.0,2023,A,UNODC,
URY,Uruguay,internet,88.0,88.0,88.0,2023,A,ITU / World Bank,
URY,Uruguay,ladder,6.35,5.08,7.62,2023,C,Gallup World Poll via World Happiness Report,
URY,Uruguay,lsec_comp,70.0,70.0,70.0,2023,A,UNESCO UIS,
URY,Uruguay,mobile_bb,110.0,99.0,121.0,2023,B,ITU,
URY,Uruguay,neet,17.0,16.15,17.85,2023,B,ILOSTAT / national LFS (PLFS for India),
URY,Uruguay,neet_gap,8.0,7.6,8.4,2023,B,Derived from ILOSTAT / national LFS,
URY,Uruguay,stunting,5.0,4.7,5.3,2023,A,UNICEF/WHO/World Bank JME (NFHS-5 for India),
URY,Uruguay,suicide,21.0,21.0,21.0,2023,A,WHO Global Health Estimates; NCRB for India,
URY,Uruguay,u5mr,6.3,6.3,6.3,2023,A,UN IGME,
URY,Uruguay,water,99.0,99.0,99.0,2023,A,WHO/UNICEF JMP,
URY,Uruguay,y_unemp,25.0,23.75,26.25,2023,B,ILOSTAT,
URY,Uruguay,youth_lit,99.0,99.0,99.0,2023,A,UNESCO UIS,
UZB,Uzbekistan,adol_fert,20.0,20.0,20.0,2023,A,UN Population Division / World Bank SP.ADO.TFRT,
UZB,Uzbekistan,child_labour,1.0,0.9,1.1,2023,B,ILO/UNICEF,
UZB,Uzbekistan,child_marriage,3.0,3.0,3.0,2023,A,UNICEF; DHS/MICS,
UZB,Uzbekistan,electricity,100.0,100.0,100.0,2023,A,World Bank / IEA,
UZB,Uzbekistan,hlo,444.37,417.7,471.03,2023,C,"Altinok, Angrist & Patrinos (2018) / World Bank HLO","Imputed by OLS on log(u5mr), youth_lit, lsec_comp, internet; R2=0.87"
UZB,Uzbekistan,homicide,1.0,1.0,1.0,2023,A,UNODC,
UZB,Uzbekistan,internet,80.0,80.0,80.0,2023,A,ITU / World Bank,
UZB,Uzbekistan,ladder,6.06,4.85,7.27,2023,C,Gallup World Poll via World Happiness Report,
UZB,Uzbekistan,lsec_comp,95.0,95.0,95.0,2023,A,UNESCO UIS,
UZB,Uzbekistan,mobile_bb,80.0,72.0,88.0,2023,B,ITU,
UZB,Uzbekistan,neet,15.0,14.25,15.75,2023,B,ILOSTAT / national LFS (PLFS for India),
UZB,Uzbekistan,neet_gap,12.0,11.4,12.6,2023,B,Derived from ILOSTAT / national LFS,
UZB,Uzbekistan,stunting,10.0,9.4,10.6,2023,A,UNICEF/WHO/World Bank JME (NFHS-5 for India),
UZB,Uzbekistan,suicide,7.0,7.0,7.0,2023,A,WHO Global Health Estimates; NCRB for India,
UZB,Uzbekistan,u5mr,15.0,15.0,15.0,2023,A,UN IGME,
UZB,Uzbekistan,water,98.0,98.0,98.0,2023,A,WHO/UNICEF JMP,
UZB,Uzbekistan,y_unemp,7.0,6.65,7.35,2023,B,ILOSTAT,
UZB,Uzbekistan,youth_lit,100.0,100.0,100.0,2023,A,UNESCO UIS,
VEN,Venezuela,adol_fert,80.0,80.0,80.0,2023,A,UN Population Division / World Bank SP.ADO.TFRT,
VEN,Venezuela,child_labour,8.0,7.2,8.8,2023,B,ILO/UNICEF,
VEN,Venezuela,child_marriage,29.0,29.0,29.0,2023,A,UNICEF; DHS/MICS,
VEN,Venezuela,electricity,99.0,99.0,99.0,2023,A,World Bank / IEA,
VEN,Venezuela,hlo,422.71,410.03,435.39,2023,B,"Altinok, Angrist & Patrinos (2018) / World Bank HLO",
VEN,Venezuela,homicide,20.0,20.0,20.0,2023,A,UNODC,
VEN,Venezuela,internet,60.0,60.0,60.0,2023,A,ITU / World Bank,
VEN,Venezuela,ladder,5.05,4.04,6.06,2023,C,Gallup World Poll via World Happiness Report,
VEN,Venezuela,lsec_comp,70.0,70.0,70.0,2023,A,UNESCO UIS,
VEN,Venezuela,mobile_bb,50.0,45.0,55.0,2023,B,ITU,
VEN,Venezuela,neet,25.0,23.75,26.25,2023,B,ILOSTAT / national LFS (PLFS for India),
VEN,Venezuela,neet_gap,12.0,11.4,12.6,2023,B,Derived from ILOSTAT / national LFS,
VEN,Venezuela,stunting,10.0,9.4,10.6,2023,A,UNICEF/WHO/World Bank JME (NFHS-5 for India),
VEN,Venezuela,suicide,3.0,3.0,3.0,2023,A,WHO Global Health Estimates; NCRB for India,
VEN,Venezuela,u5mr,22.0,22.0,22.0,2023,A,UN IGME,
VEN,Venezuela,water,96.0,96.0,96.0,2023,A,WHO/UNICEF JMP,
VEN,Venezuela,y_unemp,17.0,16.15,17.85,2023,B,ILOSTAT,
VEN,Venezuela,youth_lit,98.0,98.0,98.0,2023,A,UNESCO UIS,
VNM,Vietnam,adol_fert,32.0,32.0,32.0,2023,A,UN Population Division / World Bank SP.ADO.TFRT,
VNM,Vietnam,child_labour,7.0,6.3,7.7,2023,B,ILO/UNICEF,
VNM,Vietnam,child_marriage,11.0,11.0,11.0,2023,A,UNICEF; DHS/MICS,
VNM,Vietnam,electricity,100.0,100.0,100.0,2023,A,World Bank / IEA,
VNM,Vietnam,hlo,520.04,504.44,535.64,2023,B,"Altinok, Angrist & Patrinos (2018) / World Bank HLO",
VNM,Vietnam,homicide,1.5,1.5,1.5,2023,A,UNODC,
VNM,Vietnam,internet,79.0,79.0,79.0,2023,A,ITU / World Bank,
VNM,Vietnam,ladder,6.02,4.82,7.22,2023,C,Gallup World Poll via World Happiness Report,
VNM,Vietnam,lsec_comp,88.0,88.0,88.0,2023,A,UNESCO UIS,
VNM,Vietnam,mobile_bb,90.0,81.0,99.0,2023,B,ITU,
VNM,Vietnam,neet,13.0,12.35,13.65,2023,B,ILOSTAT / national LFS (PLFS for India),
VNM,Vietnam,neet_gap,4.0,3.8,4.2,2023,B,Derived from ILOSTAT / national LFS,
VNM,Vietnam,stunting,19.6,18.42,20.78,2023,A,UNICEF/WHO/World Bank JME (NFHS-5 for India),
VNM,Vietnam,suicide,7.0,7.0,7.0,2023,A,WHO Global Health Estimates; NCRB for India,
VNM,Vietnam,u5mr,20.0,20.0,20.0,2023,A,UN IGME,
VNM,Vietnam,water,97.0,97.0,97.0,2023,A,WHO/UNICEF JMP,
VNM,Vietnam,y_unemp,8.0,7.6,8.4,2023,B,ILOSTAT,
VNM,Vietnam,youth_lit,98.0,98.0,98.0,2023,A,UNESCO UIS,
YEM,Yemen,adol_fert,60.0,60.0,60.0,2023,A,UN Population Division / World Bank SP.ADO.TFRT,
YEM,Yemen,child_labour,23.0,20.7,25.3,2023,B,ILO/UNICEF,
YEM,Yemen,child_marriage,32.0,32.0,32.0,2023,A,UNICEF; DHS/MICS,
YEM,Yemen,electricity,75.0,75.0,75.0,2023,A,World Bank / IEA,
YEM,Yemen,hlo,297.2,288.28,306.12,2023,B,"Altinok, Angrist & Patrinos (2018) / World Bank HLO",
YEM,Yemen,homicide,7.0,7.0,7.0,2023,A,UNODC,
YEM,Yemen,internet,27.0,27.0,27.0,2023,A,ITU / World Bank,
YEM,Yemen,ladder,3.5,2.8,4.2,2023,C,Gallup World Poll via World Happiness Report,
YEM,Yemen,lsec_comp,40.0,40.0,40.0,2023,A,UNESCO UIS,
YEM,Yemen,mobile_bb,25.0,22.5,27.5,2023,B,ITU,
YEM,Yemen,neet,45.0,42.75,47.25,2023,B,ILOSTAT / national LFS (PLFS for India),
YEM,Yemen,neet_gap,45.0,42.75,47.25,2023,B,Derived from ILOSTAT / national LFS,
YEM,Yemen,stunting,37.0,34.78,39.22,2023,A,UNICEF/WHO/World Bank JME (NFHS-5 for India),
YEM,Yemen,suicide,9.0,9.0,9.0,2023,A,WHO Global Health Estimates; NCRB for India,
YEM,Yemen,u5mr,60.0,60.0,60.0,2023,A,UN IGME,
YEM,Yemen,water,60.0,60.0,60.0,2023,A,WHO/UNICEF JMP,
YEM,Yemen,y_unemp,25.0,23.75,26.25,2023,B,ILOSTAT,
YEM,Yemen,youth_lit,88.0,88.0,88.0,2023,A,UNESCO UIS,
ZMB,Zambia,adol_fert,120.0,120.0,120.0,2023,A,UN Population Division / World Bank SP.ADO.TFRT,
ZMB,Zambia,child_labour,25.0,22.5,27.5,2023,B,ILO/UNICEF,
ZMB,Zambia,child_marriage,29.0,29.0,29.0,2023,A,UNICEF; DHS/MICS,
ZMB,Zambia,electricity,47.0,47.0,47.0,2023,A,World Bank / IEA,
ZMB,Zambia,hlo,324.46,314.73,334.19,2023,B,"Altinok, Angrist & Patrinos (2018) / World Bank HLO",
ZMB,Zambia,homicide,5.0,5.0,5.0,2023,A,UNODC,
ZMB,Zambia,internet,33.0,33.0,33.0,2023,A,ITU / World Bank,
ZMB,Zambia,ladder,3.9,3.12,4.68,2023,C,Gallup World Poll via World Happiness Report,
ZMB,Zambia,lsec_comp,55.0,55.0,55.0,2023,A,UNESCO UIS,
ZMB,Zambia,mobile_bb,40.0,36.0,44.0,2023,B,ITU,
ZMB,Zambia,neet,25.0,23.75,26.25,2023,B,ILOSTAT / national LFS (PLFS for India),
ZMB,Zambia,neet_gap,12.0,11.4,12.6,2023,B,Derived from ILOSTAT / national LFS,
ZMB,Zambia,stunting,32.0,30.08,33.92,2023,A,UNICEF/WHO/World Bank JME (NFHS-5 for India),
ZMB,Zambia,suicide,9.0,9.0,9.0,2023,A,WHO Global Health Estimates; NCRB for India,
ZMB,Zambia,u5mr,56.0,56.0,56.0,2023,A,UN IGME,
ZMB,Zambia,water,65.0,65.0,65.0,2023,A,WHO/UNICEF JMP,
ZMB,Zambia,y_unemp,10.0,9.5,10.5,2023,B,ILOSTAT,
ZMB,Zambia,youth_lit,92.0,92.0,92.0,2023,A,UNESCO UIS,
ZWE,Zimbabwe,adol_fert,90.0,90.0,90.0,2023,A,UN Population Division / World Bank SP.ADO.TFRT,
ZWE,Zimbabwe,child_labour,25.0,22.5,27.5,2023,B,ILO/UNICEF,
ZWE,Zimbabwe,child_marriage,34.0,34.0,34.0,2023,A,UNICEF; DHS/MICS,
ZWE,Zimbabwe,electricity,52.0,52.0,52.0,2023,A,World Bank / IEA,
ZWE,Zimbabwe,hlo,342.99,332.7,353.28,2023,B,"Altinok, Angrist & Patrinos (2018) / World Bank HLO",
ZWE,Zimbabwe,homicide,6.5,6.5,6.5,2023,A,UNODC,
ZWE,Zimbabwe,internet,35.0,35.0,35.0,2023,A,ITU / World Bank,
ZWE,Zimbabwe,ladder,3.3,2.64,3.96,2023,C,Gallup World Poll via World Happiness Report,
ZWE,Zimbabwe,lsec_comp,60.0,60.0,60.0,2023,A,UNESCO UIS,
ZWE,Zimbabwe,mobile_bb,40.0,36.0,44.0,2023,B,ITU,
ZWE,Zimbabwe,neet,30.0,28.5,31.5,2023,B,ILOSTAT / national LFS (PLFS for India),
ZWE,Zimbabwe,neet_gap,12.0,11.4,12.6,2023,B,Derived from ILOSTAT / national LFS,
ZWE,Zimbabwe,stunting,23.0,21.62,24.38,2023,A,UNICEF/WHO/World Bank JME (NFHS-5 for India),
ZWE,Zimbabwe,suicide,14.0,14.0,14.0,2023,A,WHO Global Health Estimates; NCRB for India,
ZWE,Zimbabwe,u5mr,48.0,48.0,48.0,2023,A,UN IGME,
ZWE,Zimbabwe,water,63.0,63.0,63.0,2023,A,WHO/UNICEF JMP,
ZWE,Zimbabwe,y_unemp,10.0,9.5,10.5,2023,B,ILOSTAT,
ZWE,Zimbabwe,youth_lit,93.0,93.0,93.0,2023,A,UNESCO UIS,
